customer_id,age,gender,region,registration_date,loyalty_tier
C0001,25,Male,East,2022-11-24,Silver
C0002,26,Other,North,2022-04-25,Bronze
C0003,45,Male,North,2022-10-30,Bronze
C0004,32,Other,Central,2022-04-22,Bronze
C0005,30,Other,Central,2022-10-15,Platinum
C0006,46,Other,East,2022-04-23,Bronze
C0007,62,Female,East,2022-03-23,Gold
C0008,31,Female,North,2022-03-21,Bronze
C0009,24,Female,East,2022-07-14,Gold
C0010,64,Female,Central,2022-01-23,Bronze
C0011,23,Other,East,2022-07-13,Gold
C0012,30,Other,North,2022-10-23,Bronze
C0013,32,Female,North,2022-12-05,Silver
C0014,42,Female,West,2022-02-21,Gold
C0015,41,Female,South,2022-03-25,Gold
C0016,61,Other,North,2022-12-26,Silver
C0017,64,Male,South,2022-10-01,Platinum
C0018,35,Other,Central,2022-07-14,Silver
C0019,38,Male,South,2022-12-17,Bronze
C0020,43,Female,North,2022-06-11,Silver
C0021,63,Female,South,2022-10-18,Platinum
C0022,59,Female,South,2022-07-22,Gold
C0023,33,Other,Central,2022-03-13,Gold
C0024,45,Other,West,2022-10-27,Gold
C0025,26,Other,West,2022-04-23,Bronze
C0026,25,Male,South,2022-01-25,Platinum
C0027,22,Female,West,2022-11-02,Platinum
C0028,34,Other,North,2022-09-28,Bronze
C0029,52,Female,East,2022-12-16,Bronze
C0030,45,Male,West,2022-05-31,Bronze
C0031,50,Male,Central,2022-05-15,Bronze
C0032,37,Other,Central,2022-11-17,Silver
C0033,41,Male,Central,2022-03-20,Bronze
C0034,38,Female,North,2022-11-03,Bronze
C0035,37,Male,North,2022-07-05,Silver
C0036,23,Male,West,2022-10-18,Bronze
C0037,26,Male,West,2022-09-30,Silver
C0038,51,Other,West,2022-05-16,Silver
C0039,64,Other,South,2022-10-04,Gold
C0040,60,Other,East,2022-07-24,Platinum
C0041,46,Male,South,2022-09-22,Silver
C0042,39,Male,Central,2022-02-02,Silver
C0043,32,Male,North,2022-10-29,Bronze
C0044,22,Male,East,2022-04-28,Bronze
C0045,33,Female,West,2022-09-21,Silver
C0046,26,Other,Central,2022-10-04,Platinum
C0047,48,Female,South,2022-05-05,Bronze
C0048,60,Female,East,2022-02-19,Platinum
C0049,47,Other,North,2022-07-30,Bronze
C0050,43,Other,East,2022-02-01,Bronze
C0051,30,Male,Central,2022-05-08,Platinum
C0052,45,Male,East,2022-03-13,Platinum
C0053,22,Female,Central,2022-05-08,Bronze
C0054,59,Other,North,2022-01-26,Bronze
C0055,28,Female,West,2022-05-02,Platinum
C0056,43,Male,South,2022-04-20,Platinum
C0057,42,Female,West,2022-01-02,Gold
C0058,62,Other,Central,2022-08-05,Platinum
C0059,30,Female,South,2022-03-21,Bronze
C0060,65,Other,North,2022-10-24,Gold
C0061,21,Other,West,2022-01-30,Silver
C0062,50,Male,South,2022-01-30,Bronze
C0063,22,Other,South,2022-11-01,Platinum
C0064,54,Male,Central,2022-03-03,Bronze
C0065,23,Female,Central,2022-11-14,Gold
C0066,31,Other,East,2022-05-14,Silver
C0067,43,Male,East,2022-05-16,Platinum
C0068,22,Male,West,2022-06-11,Bronze
C0069,52,Male,Central,2022-02-07,Gold
C0070,40,Male,South,2022-03-09,Gold
C0071,28,Female,Central,2022-05-26,Gold
C0072,59,Other,North,2022-11-10,Gold
C0073,24,Male,East,2022-12-06,Bronze
C0074,65,Other,South,2022-02-24,Gold
C0075,56,Male,East,2022-05-25,Silver
C0076,58,Female,Central,2022-12-18,Platinum
C0077,21,Male,West,2022-05-09,Gold
C0078,18,Female,South,2022-01-23,Gold
C0079,65,Female,Central,2022-03-24,Platinum
C0080,18,Male,North,2022-10-15,Silver
C0081,20,Female,Central,2022-10-07,Silver
C0082,26,Male,East,2022-08-09,Gold
C0083,40,Male,South,2022-01-21,Bronze
C0084,53,Female,Central,2022-07-01,Silver
C0085,28,Male,West,2022-05-02,Bronze
C0086,65,Female,West,2022-04-02,Silver
C0087,28,Other,North,2022-05-17,Platinum
C0088,48,Male,South,2022-01-20,Platinum
C0089,37,Male,South,2022-06-29,Bronze
C0090,30,Female,East,2022-12-04,Gold
C0091,35,Female,Central,2022-02-05,Platinum
C0092,52,Female,North,2022-12-14,Bronze
C0093,29,Other,East,2022-05-14,Bronze
C0094,56,Female,East,2022-02-25,Gold
C0095,56,Other,North,2022-08-12,Platinum
C0096,30,Female,North,2022-10-23,Platinum
C0097,51,Other,South,2022-01-01,Gold
C0098,22,Other,East,2022-08-09,Gold
C0099,25,Other,East,2022-12-06,Gold
C0100,44,Female,West,2022-12-08,Gold
C0101,26,Male,West,2022-10-11,Platinum
C0102,65,Male,Central,2022-12-13,Gold
C0103,53,Male,East,2022-07-27,Gold
C0104,45,Other,Central,2022-04-18,Gold
C0105,46,Female,South,2022-08-27,Platinum
C0106,60,Male,East,2022-03-28,Gold
C0107,33,Other,East,2022-02-17,Silver
C0108,27,Male,North,2022-04-12,Silver
C0109,57,Male,West,2022-09-01,Platinum
C0110,54,Male,West,2022-11-19,Platinum
C0111,33,Male,North,2022-07-24,Bronze
C0112,32,Male,Central,2022-08-06,Platinum
C0113,53,Male,North,2022-01-26,Platinum
C0114,47,Other,Central,2022-03-10,Gold
C0115,57,Other,Central,2022-08-15,Platinum
C0116,46,Male,West,2022-10-08,Platinum
C0117,33,Other,East,2022-05-13,Platinum
C0118,33,Female,West,2022-11-17,Bronze
C0119,36,Male,East,2023-01-01,Gold
C0120,52,Male,South,2022-06-13,Silver
C0121,42,Other,South,2022-04-29,Silver
C0122,44,Female,East,2022-02-02,Platinum
C0123,21,Male,West,2022-08-01,Platinum
C0124,62,Male,Central,2022-10-27,Platinum
C0125,18,Female,East,2022-09-02,Platinum
C0126,52,Other,Central,2022-08-03,Silver
C0127,32,Female,West,2022-09-07,Platinum
C0128,42,Female,West,2022-01-15,Silver
C0129,26,Other,Central,2022-08-28,Bronze
C0130,55,Other,North,2022-07-21,Bronze
C0131,45,Male,West,2022-11-26,Silver
C0132,34,Female,East,2022-01-26,Silver
C0133,38,Female,West,2022-08-21,Gold
C0134,34,Male,West,2022-08-04,Bronze
C0135,21,Female,South,2022-10-04,Bronze
C0136,20,Male,South,2022-11-30,Silver
C0137,57,Male,South,2022-01-11,Silver
C0138,60,Male,Central,2022-08-31,Silver
C0139,62,Female,East,2022-08-27,Silver
C0140,56,Other,North,2022-11-07,Silver
C0141,24,Other,North,2022-06-09,Gold
C0142,61,Female,West,2022-10-22,Silver
C0143,55,Other,South,2022-02-08,Bronze
C0144,37,Other,Central,2022-12-23,Bronze
C0145,20,Female,Central,2022-10-17,Platinum
C0146,41,Male,Central,2022-12-05,Gold
C0147,44,Female,North,2022-01-07,Platinum
C0148,58,Female,South,2022-07-05,Platinum
C0149,64,Other,East,2022-04-01,Platinum
C0150,45,Other,Central,2022-08-27,Gold
C0151,33,Male,East,2022-06-15,Platinum
C0152,47,Other,Central,2022-05-05,Platinum
C0153,19,Female,East,2022-06-22,Silver
C0154,31,Female,East,2022-09-07,Gold
C0155,56,Other,East,2022-05-24,Bronze
C0156,30,Male,South,2022-09-22,Platinum
C0157,53,Male,West,2022-09-08,Platinum
C0158,19,Male,East,2022-08-18,Silver
C0159,62,Male,East,2022-07-27,Gold
C0160,53,Other,East,2022-08-31,Platinum
C0161,39,Female,West,2022-10-09,Gold
C0162,34,Male,North,2022-06-06,Silver
C0163,25,Other,Central,2022-06-11,Silver
C0164,31,Other,West,2022-04-09,Gold
C0165,51,Other,East,2022-10-29,Bronze
C0166,36,Male,East,2022-04-10,Silver
C0167,18,Other,Central,2022-06-04,Silver
C0168,20,Male,Central,2022-05-21,Gold
C0169,26,Other,West,2022-12-24,Bronze
C0170,54,Female,West,2022-01-07,Platinum
C0171,39,Male,North,2022-08-14,Gold
C0172,25,Male,West,2022-09-02,Platinum
C0173,54,Other,North,2022-02-07,Silver
C0174,54,Female,North,2022-03-18,Silver
C0175,53,Female,Central,2022-03-02,Silver
C0176,42,Female,West,2022-09-25,Gold
C0177,45,Female,Central,2022-10-29,Bronze
C0178,65,Male,South,2022-11-09,Silver
C0179,60,Male,South,2022-05-16,Silver
C0180,53,Male,South,2022-03-30,Bronze
C0181,46,Other,Central,2022-07-29,Platinum
C0182,20,Male,East,2022-05-30,Gold
C0183,47,Male,South,2022-12-26,Gold
C0184,55,Other,South,2022-11-17,Platinum
C0185,52,Male,South,2022-02-28,Gold
C0186,22,Male,South,2022-03-14,Gold
C0187,65,Other,East,2022-11-01,Platinum
C0188,47,Other,East,2022-03-05,Platinum
C0189,50,Other,West,2022-05-20,Platinum
C0190,56,Male,West,2022-02-11,Gold
C0191,34,Male,North,2022-11-06,Silver
C0192,54,Other,North,2022-12-12,Gold
C0193,20,Male,West,2022-10-23,Platinum
C0194,29,Other,West,2022-05-23,Platinum
C0195,48,Female,West,2022-02-16,Gold
C0196,60,Male,South,2022-06-14,Gold
C0197,62,Female,East,2022-07-30,Platinum
C0198,20,Female,North,2022-10-09,Gold
C0199,38,Male,West,2022-05-10,Bronze
C0200,52,Female,West,2022-12-03,Bronze
C0201,51,Female,Central,2022-04-07,Platinum
C0202,46,Male,South,2022-11-17,Gold
C0203,26,Female,West,2022-10-09,Platinum
C0204,19,Other,Central,2022-03-04,Silver
C0205,28,Female,Central,2022-12-30,Bronze
C0206,44,Male,South,2022-10-10,Bronze
C0207,25,Other,South,2022-08-25,Platinum
C0208,50,Other,East,2022-05-30,Platinum
C0209,48,Male,West,2022-09-05,Silver
C0210,30,Other,Central,2022-07-16,Silver
C0211,35,Female,East,2022-02-05,Gold
C0212,36,Other,East,2022-01-02,Platinum
C0213,46,Other,West,2022-03-18,Gold
C0214,53,Other,West,2022-06-20,Platinum
C0215,30,Other,South,2022-06-14,Platinum
C0216,44,Male,East,2022-04-30,Platinum
C0217,42,Female,South,2022-12-28,Platinum
C0218,26,Other,Central,2022-01-19,Gold
C0219,46,Male,Central,2022-02-21,Platinum
C0220,64,Male,West,2022-01-08,Silver
C0221,48,Female,East,2022-02-08,Platinum
C0222,23,Female,Central,2022-11-29,Platinum
C0223,58,Other,West,2022-06-12,Bronze
C0224,22,Male,East,2022-11-13,Silver
C0225,45,Male,North,2022-02-16,Platinum
C0226,62,Female,North,2022-03-27,Bronze
C0227,21,Female,East,2022-06-16,Gold
C0228,27,Male,Central,2022-08-09,Platinum
C0229,61,Male,South,2022-10-17,Silver
C0230,57,Female,Central,2022-02-10,Silver
C0231,55,Male,South,2022-09-12,Platinum
C0232,34,Female,East,2022-11-23,Bronze
C0233,36,Other,Central,2022-08-27,Silver
C0234,46,Female,Central,2022-02-07,Gold
C0235,45,Other,East,2022-11-24,Platinum
C0236,30,Female,West,2022-06-04,Bronze
C0237,42,Other,East,2022-05-02,Gold
C0238,36,Male,West,2022-12-25,Gold
C0239,54,Other,North,2022-01-05,Platinum
C0240,32,Other,East,2022-05-27,Silver
C0241,30,Other,East,2022-11-22,Silver
C0242,24,Other,North,2022-11-18,Gold
C0243,20,Other,East,2022-08-14,Silver
C0244,36,Female,West,2022-02-16,Silver
C0245,26,Other,East,2022-04-13,Gold
C0246,34,Female,East,2022-03-26,Gold
C0247,47,Male,South,2022-02-28,Silver
C0248,64,Other,West,2022-12-13,Gold
C0249,43,Male,East,2022-02-16,Bronze
C0250,41,Other,East,2022-08-21,Platinum
C0251,41,Male,South,2022-11-23,Platinum
C0252,57,Other,East,2022-01-13,Silver
C0253,22,Other,West,2022-11-28,Gold
C0254,44,Male,South,2022-11-29,Bronze
C0255,37,Female,North,2022-01-20,Bronze
C0256,52,Male,West,2022-05-01,Platinum
C0257,60,Other,Central,2022-07-09,Platinum
C0258,65,Other,South,2022-10-28,Platinum
C0259,24,Female,Central,2022-12-02,Platinum
C0260,20,Other,East,2022-05-24,Silver
C0261,46,Male,East,2022-08-16,Bronze
C0262,41,Other,East,2022-12-18,Bronze
C0263,35,Male,North,2022-07-23,Platinum
C0264,60,Male,Central,2022-02-16,Bronze
C0265,39,Male,South,2022-01-26,Silver
C0266,53,Male,Central,2022-02-05,Silver
C0267,39,Male,Central,2022-04-30,Bronze
C0268,27,Male,Central,2022-05-22,Gold
C0269,25,Other,North,2022-03-31,Silver
C0270,40,Male,Central,2022-01-08,Gold
C0271,29,Female,North,2022-01-09,Silver
C0272,51,Male,North,2022-08-04,Platinum
C0273,41,Other,Central,2022-08-18,Bronze
C0274,50,Male,Central,2022-08-20,Bronze
C0275,51,Female,West,2022-12-04,Bronze
C0276,48,Female,West,2022-02-01,Bronze
C0277,63,Female,North,2022-09-09,Bronze
C0278,56,Male,North,2022-06-14,Silver
C0279,57,Other,Central,2022-05-21,Gold
C0280,56,Other,East,2022-07-15,Platinum
C0281,56,Female,North,2022-09-16,Bronze
C0282,59,Other,South,2022-12-02,Platinum
C0283,32,Female,East,2022-08-20,Platinum
C0284,44,Other,North,2022-07-24,Gold
C0285,38,Other,East,2022-08-07,Gold
C0286,61,Female,North,2022-03-20,Bronze
C0287,23,Female,North,2022-02-13,Gold
C0288,53,Male,Central,2022-03-08,Gold
C0289,25,Female,East,2022-12-10,Platinum
C0290,36,Other,East,2022-01-27,Gold
C0291,54,Other,South,2022-02-23,Silver
C0292,48,Male,North,2022-12-03,Gold
C0293,41,Male,East,2022-10-12,Silver
C0294,53,Other,Central,2022-08-08,Bronze
C0295,60,Other,East,2022-11-08,Bronze
C0296,35,Other,East,2022-04-03,Gold
C0297,18,Male,South,2022-06-29,Platinum
C0298,27,Other,North,2022-02-05,Bronze
C0299,31,Female,West,2022-09-29,Platinum
C0300,28,Female,East,2022-06-24,Gold
C0301,56,Male,North,2022-10-18,Silver
C0302,57,Male,North,2022-03-22,Gold
C0303,60,Female,West,2022-08-15,Platinum
C0304,35,Male,Central,2022-08-01,Bronze
C0305,45,Male,East,2022-06-26,Platinum
C0306,60,Female,North,2022-09-27,Silver
C0307,56,Male,North,2022-07-22,Silver
C0308,31,Male,East,2022-06-04,Gold
C0309,25,Male,West,2022-06-17,Platinum
C0310,26,Female,Central,2022-03-31,Silver
C0311,53,Other,East,2022-09-14,Bronze
C0312,65,Male,West,2022-07-23,Bronze
C0313,22,Female,Central,2022-08-24,Platinum
C0314,43,Other,West,2022-10-21,Gold
C0315,43,Male,East,2022-02-28,Silver
C0316,47,Other,East,2022-11-13,Bronze
C0317,24,Male,West,2022-08-12,Platinum
C0318,23,Female,East,2022-09-26,Gold
C0319,39,Male,North,2022-04-24,Bronze
C0320,50,Male,East,2022-09-29,Gold
C0321,27,Male,North,2022-11-27,Silver
C0322,30,Male,Central,2022-05-12,Silver
C0323,22,Male,West,2022-12-02,Platinum
C0324,55,Female,Central,2022-10-16,Gold
C0325,38,Male,West,2022-11-18,Bronze
C0326,46,Other,East,2022-08-29,Gold
C0327,21,Female,Central,2022-10-30,Bronze
C0328,47,Female,North,2022-06-08,Bronze
C0329,36,Male,North,2022-07-08,Platinum
C0330,55,Other,North,2022-08-25,Platinum
C0331,59,Male,East,2022-10-20,Platinum
C0332,27,Male,West,2022-09-14,Bronze
C0333,63,Male,Central,2022-06-25,Silver
C0334,33,Other,West,2022-01-21,Platinum
C0335,51,Other,South,2022-09-26,Gold
C0336,36,Female,West,2022-07-10,Gold
C0337,56,Male,East,2022-12-14,Bronze
C0338,24,Other,West,2022-06-18,Gold
C0339,64,Other,Central,2022-05-10,Silver
C0340,23,Other,South,2022-06-20,Gold
C0341,59,Other,West,2022-06-08,Silver
C0342,63,Male,East,2022-11-01,Platinum
C0343,39,Male,Central,2022-11-26,Bronze
C0344,60,Female,Central,2022-11-27,Gold
C0345,41,Female,South,2022-01-10,Silver
C0346,49,Male,South,2022-06-24,Silver
C0347,22,Female,North,2022-03-21,Bronze
C0348,39,Other,South,2022-12-05,Platinum
C0349,28,Male,Central,2022-03-20,Silver
C0350,20,Female,East,2022-08-13,Silver
C0351,57,Female,West,2022-08-16,Silver
C0352,33,Female,West,2022-10-01,Silver
C0353,61,Other,West,2022-07-08,Platinum
C0354,42,Other,Central,2022-05-25,Platinum
C0355,30,Other,South,2022-03-24,Gold
C0356,59,Female,East,2022-01-27,Bronze
C0357,51,Male,East,2022-12-31,Bronze
C0358,35,Female,Central,2022-03-24,Silver
C0359,23,Male,West,2022-08-12,Gold
C0360,44,Male,West,2022-01-14,Gold
C0361,42,Male,East,2022-05-01,Silver
C0362,38,Male,East,2022-01-15,Silver
C0363,20,Female,West,2022-03-12,Silver
C0364,48,Female,Central,2022-12-28,Bronze
C0365,19,Female,South,2022-02-10,Silver
C0366,64,Other,Central,2022-10-08,Platinum
C0367,36,Male,East,2022-02-26,Bronze
C0368,33,Female,Central,2022-01-25,Platinum
C0369,25,Female,Central,2022-02-02,Bronze
C0370,50,Other,South,2022-11-20,Silver
C0371,45,Male,Central,2022-05-30,Gold
C0372,54,Female,South,2022-05-04,Bronze
C0373,41,Male,Central,2022-09-26,Bronze
C0374,48,Male,West,2022-07-19,Gold
C0375,65,Male,East,2022-05-10,Bronze
C0376,33,Other,North,2022-06-26,Gold
C0377,20,Female,Central,2022-03-10,Gold
C0378,29,Other,West,2022-11-26,Platinum
C0379,29,Male,North,2022-11-20,Platinum
C0380,36,Male,North,2022-01-19,Silver
C0381,38,Female,Central,2022-01-22,Platinum
C0382,48,Female,North,2022-10-06,Silver
C0383,40,Male,East,2022-05-27,Gold
C0384,41,Female,West,2022-03-05,Platinum
C0385,39,Male,West,2022-07-17,Platinum
C0386,51,Female,North,2022-07-08,Platinum
C0387,45,Other,South,2022-02-10,Gold
C0388,24,Male,East,2022-06-14,Gold
C0389,46,Other,West,2022-06-06,Silver
C0390,46,Female,West,2022-12-20,Bronze
C0391,57,Female,East,2022-06-30,Bronze
C0392,60,Other,West,2022-02-08,Gold
C0393,65,Other,South,2022-09-20,Bronze
C0394,56,Other,West,2022-03-15,Bronze
C0395,22,Male,East,2022-03-06,Gold
C0396,54,Male,Central,2022-07-16,Silver
C0397,46,Female,East,2022-12-14,Platinum
C0398,54,Male,Central,2022-02-09,Gold
C0399,38,Other,East,2022-07-23,Silver
C0400,19,Other,South,2022-02-28,Platinum
C0401,42,Other,North,2022-09-23,Gold
C0402,63,Female,South,2022-05-14,Gold
C0403,49,Male,North,2022-12-22,Silver
C0404,46,Male,West,2022-02-07,Bronze
C0405,38,Other,East,2022-12-16,Bronze
C0406,52,Female,East,2022-10-09,Silver
C0407,63,Other,South,2022-12-31,Gold
C0408,32,Male,South,2022-09-18,Silver
C0409,49,Male,East,2022-05-02,Gold
C0410,53,Male,Central,2022-08-28,Bronze
C0411,37,Female,West,2022-02-03,Platinum
C0412,54,Male,South,2022-07-29,Gold
C0413,22,Female,West,2022-11-25,Gold
C0414,53,Other,Central,2022-03-07,Silver
C0415,45,Other,North,2022-03-08,Bronze
C0416,27,Female,South,2022-09-23,Silver
C0417,63,Male,East,2022-06-15,Gold
C0418,34,Male,Central,2022-02-10,Gold
C0419,58,Female,Central,2022-03-06,Bronze
C0420,59,Male,Central,2022-09-15,Silver
C0421,60,Other,Central,2022-03-29,Gold
C0422,20,Male,North,2022-10-16,Bronze
C0423,54,Female,South,2022-11-25,Platinum
C0424,58,Male,West,2022-11-13,Gold
C0425,37,Female,South,2022-11-25,Platinum
C0426,47,Male,North,2022-06-02,Silver
C0427,44,Female,West,2022-08-14,Silver
C0428,56,Male,East,2022-06-24,Gold
C0429,43,Male,East,2022-06-26,Bronze
C0430,33,Female,North,2022-06-13,Gold
C0431,33,Male,North,2022-08-19,Bronze
C0432,42,Other,West,2022-05-29,Silver
C0433,38,Other,East,2022-03-23,Silver
C0434,49,Other,West,2022-03-23,Platinum
C0435,49,Male,North,2022-06-07,Platinum
C0436,47,Male,South,2022-09-16,Gold
C0437,21,Female,West,2022-01-25,Platinum
C0438,52,Male,North,2022-05-27,Platinum
C0439,34,Other,East,2022-03-10,Platinum
C0440,20,Female,North,2022-07-07,Silver
C0441,53,Female,North,2022-07-05,Platinum
C0442,46,Other,East,2022-09-16,Bronze
C0443,24,Female,East,2022-03-07,Gold
C0444,41,Male,South,2022-10-13,Platinum
C0445,20,Male,North,2022-09-14,Silver
C0446,39,Female,Central,2023-01-01,Platinum
C0447,56,Other,South,2022-03-18,Gold
C0448,38,Male,West,2022-11-10,Gold
C0449,39,Other,Central,2022-10-31,Platinum
C0450,54,Female,West,2022-12-29,Bronze
C0451,39,Other,North,2022-07-08,Platinum
C0452,37,Other,North,2022-10-26,Platinum
C0453,59,Other,Central,2022-05-16,Silver
C0454,55,Female,South,2022-01-27,Platinum
C0455,61,Male,North,2022-03-17,Bronze
C0456,19,Female,East,2022-04-08,Platinum
C0457,44,Other,South,2022-03-19,Platinum
C0458,57,Female,North,2022-09-14,Silver
C0459,31,Other,East,2022-09-23,Platinum
C0460,42,Female,South,2022-09-27,Platinum
C0461,39,Other,East,2022-09-30,Gold
C0462,48,Male,South,2022-11-09,Gold
C0463,37,Male,East,2022-10-13,Gold
C0464,31,Other,West,2022-12-27,Gold
C0465,40,Other,East,2022-09-03,Gold
C0466,54,Other,Central,2022-03-04,Platinum
C0467,40,Male,East,2022-07-22,Bronze
C0468,63,Male,East,2022-05-28,Platinum
C0469,34,Other,West,2022-12-02,Silver
C0470,52,Female,Central,2022-04-14,Gold
C0471,24,Other,Central,2022-03-12,Silver
C0472,21,Other,Central,2022-05-05,Silver
C0473,32,Male,North,2022-11-23,Platinum
C0474,63,Female,North,2022-06-19,Silver
C0475,53,Male,West,2022-01-03,Platinum
C0476,59,Male,East,2022-09-02,Gold
C0477,59,Male,North,2022-05-27,Silver
C0478,65,Other,North,2022-10-01,Silver
C0479,29,Male,West,2022-08-02,Platinum
C0480,65,Female,North,2022-04-06,Bronze
C0481,54,Other,North,2022-06-02,Gold
C0482,47,Other,Central,2022-05-26,Platinum
C0483,50,Female,East,2022-03-10,Silver
C0484,39,Male,West,2022-02-27,Gold
C0485,18,Other,East,2022-04-06,Gold
C0486,61,Male,South,2022-10-18,Platinum
C0487,50,Female,North,2022-08-07,Platinum
C0488,24,Male,South,2022-12-09,Platinum
C0489,33,Male,East,2022-06-15,Platinum
C0490,46,Female,East,2022-05-01,Gold
C0491,64,Other,North,2022-10-26,Gold
C0492,41,Other,South,2022-12-01,Bronze
C0493,25,Female,East,2022-12-08,Silver
C0494,61,Other,East,2022-07-27,Bronze
C0495,36,Female,Central,2022-11-24,Silver
C0496,26,Female,South,2022-04-23,Platinum
C0497,41,Female,Central,2022-11-07,Platinum
C0498,60,Male,South,2022-10-03,Bronze
C0499,46,Other,East,2022-09-27,Bronze
C0500,25,Male,Central,2022-10-16,Silver
C0501,52,Male,South,2022-10-21,Gold
C0502,46,Male,South,2022-09-24,Platinum
C0503,50,Female,North,2022-02-16,Platinum
C0504,50,Female,West,2022-03-09,Bronze
C0505,47,Other,East,2022-10-14,Bronze
C0506,34,Male,South,2022-07-22,Bronze
C0507,45,Female,North,2022-01-24,Bronze
C0508,48,Male,East,2022-02-05,Platinum
C0509,26,Other,West,2022-04-03,Gold
C0510,46,Female,West,2022-07-15,Bronze
C0511,60,Other,South,2022-12-16,Gold
C0512,29,Other,West,2022-03-02,Silver
C0513,18,Male,East,2022-04-25,Platinum
C0514,64,Other,West,2022-12-11,Platinum
C0515,33,Female,East,2022-04-28,Silver
C0516,30,Other,North,2022-05-22,Bronze
C0517,44,Other,North,2022-12-05,Silver
C0518,22,Male,Central,2022-04-16,Bronze
C0519,56,Other,North,2022-08-17,Silver
C0520,43,Female,South,2022-01-23,Silver
C0521,26,Other,East,2022-01-29,Silver
C0522,38,Other,Central,2022-10-22,Gold
C0523,37,Male,Central,2022-05-02,Silver
C0524,37,Female,North,2022-07-31,Silver
C0525,61,Female,Central,2022-11-17,Platinum
C0526,40,Other,West,2022-01-25,Gold
C0527,44,Female,South,2022-12-23,Gold
C0528,29,Other,West,2022-07-12,Silver
C0529,37,Other,South,2022-04-26,Platinum
C0530,53,Female,West,2022-01-30,Silver
C0531,33,Female,South,2022-07-18,Gold
C0532,23,Female,East,2022-11-28,Bronze
C0533,64,Male,North,2022-10-02,Gold
C0534,61,Other,Central,2022-07-13,Bronze
C0535,30,Other,Central,2022-02-07,Silver
C0536,31,Female,East,2022-09-03,Bronze
C0537,30,Other,North,2022-04-19,Platinum
C0538,62,Other,South,2022-05-05,Platinum
C0539,53,Female,East,2022-05-03,Platinum
C0540,52,Other,East,2022-08-27,Gold
C0541,41,Other,West,2022-05-14,Platinum
C0542,64,Female,East,2022-02-20,Silver
C0543,38,Female,North,2022-07-09,Silver
C0544,19,Female,Central,2022-03-16,Platinum
C0545,27,Male,East,2022-06-01,Silver
C0546,54,Male,West,2022-07-14,Gold
C0547,49,Other,West,2022-05-12,Platinum
C0548,64,Female,South,2022-03-28,Silver
C0549,49,Male,Central,2022-10-07,Bronze
C0550,20,Male,North,2022-09-26,Bronze
C0551,26,Other,South,2022-07-31,Bronze
C0552,27,Male,South,2022-12-29,Platinum
C0553,21,Other,Central,2022-07-11,Platinum
C0554,49,Male,North,2022-12-04,Platinum
C0555,19,Other,East,2022-01-07,Gold
C0556,50,Other,West,2022-01-09,Silver
C0557,24,Other,South,2022-02-24,Silver
C0558,57,Other,East,2022-04-09,Gold
C0559,43,Male,East,2022-05-17,Platinum
C0560,54,Male,South,2022-08-24,Gold
C0561,23,Other,North,2022-12-17,Bronze
C0562,42,Female,Central,2022-07-27,Platinum
C0563,58,Male,South,2022-01-29,Bronze
C0564,45,Other,East,2022-09-13,Bronze
C0565,20,Male,South,2022-09-28,Platinum
C0566,20,Male,East,2022-05-19,Bronze
C0567,38,Male,South,2022-04-02,Silver
C0568,43,Male,East,2022-12-31,Silver
C0569,33,Other,West,2022-10-16,Gold
C0570,65,Male,North,2022-07-16,Gold
C0571,24,Female,South,2022-01-28,Bronze
C0572,56,Other,Central,2022-06-24,Platinum
C0573,19,Other,East,2022-06-17,Platinum
C0574,32,Female,Central,2022-09-09,Platinum
C0575,29,Other,Central,2022-08-10,Platinum
C0576,57,Female,South,2022-02-13,Bronze
C0577,35,Male,West,2022-02-12,Silver
C0578,38,Female,North,2022-07-19,Bronze
C0579,37,Female,East,2022-01-03,Gold
C0580,26,Male,South,2022-02-22,Platinum
C0581,53,Other,Central,2022-08-18,Platinum
C0582,19,Male,East,2022-02-22,Bronze
C0583,56,Female,West,2022-11-02,Bronze
C0584,44,Female,North,2022-05-30,Silver
C0585,51,Male,West,2022-10-20,Silver
C0586,35,Female,East,2022-03-13,Platinum
C0587,22,Male,West,2022-03-16,Gold
C0588,37,Female,North,2022-08-04,Gold
C0589,33,Other,West,2022-05-09,Silver
C0590,24,Male,East,2022-08-23,Bronze
C0591,39,Other,West,2022-07-22,Gold
C0592,39,Female,Central,2022-08-14,Silver
C0593,38,Other,South,2022-06-03,Platinum
C0594,29,Female,East,2022-06-10,Gold
C0595,58,Female,Central,2022-12-22,Silver
C0596,42,Female,West,2022-06-16,Gold
C0597,54,Male,Central,2022-02-28,Silver
C0598,53,Male,West,2022-12-16,Silver
C0599,36,Other,North,2022-08-13,Platinum
C0600,49,Male,East,2022-12-11,Silver
C0601,60,Male,West,2022-05-10,Platinum
C0602,46,Other,West,2022-02-07,Platinum
C0603,50,Other,West,2022-10-01,Bronze
C0604,62,Other,Central,2022-07-04,Bronze
C0605,33,Other,East,2022-02-25,Silver
C0606,57,Male,Central,2022-11-28,Platinum
C0607,45,Male,North,2022-06-19,Bronze
C0608,32,Other,Central,2022-05-13,Silver
C0609,41,Female,West,2022-08-17,Silver
C0610,19,Female,North,2022-06-26,Gold
C0611,23,Male,South,2022-08-01,Gold
C0612,39,Female,South,2022-06-09,Platinum
C0613,48,Male,West,2022-06-28,Platinum
C0614,22,Female,North,2022-06-13,Bronze
C0615,39,Other,North,2022-01-12,Silver
C0616,51,Male,Central,2022-05-05,Silver
C0617,53,Female,West,2022-06-19,Silver
C0618,58,Male,South,2022-07-27,Platinum
C0619,19,Other,Central,2022-07-22,Silver
C0620,55,Female,West,2022-08-19,Bronze
C0621,31,Male,East,2022-12-27,Bronze
C0622,24,Other,South,2022-10-23,Gold
C0623,30,Female,North,2022-06-16,Gold
C0624,49,Other,East,2022-12-10,Platinum
C0625,43,Other,North,2022-11-09,Gold
C0626,47,Other,South,2022-06-30,Gold
C0627,55,Male,South,2022-11-11,Gold
C0628,33,Female,North,2022-03-02,Silver
C0629,62,Male,Central,2022-07-11,Platinum
C0630,56,Male,Central,2022-08-03,Platinum
C0631,29,Female,Central,2022-08-05,Silver
C0632,28,Female,East,2022-10-12,Silver
C0633,38,Female,Central,2022-04-06,Bronze
C0634,18,Female,South,2022-07-03,Silver
C0635,53,Other,West,2022-07-16,Platinum
C0636,49,Female,West,2022-12-17,Platinum
C0637,23,Other,North,2022-03-27,Silver
C0638,20,Female,South,2022-05-30,Gold
C0639,47,Other,West,2022-03-28,Bronze
C0640,25,Female,Central,2022-10-21,Gold
C0641,20,Other,West,2022-10-05,Silver
C0642,24,Other,South,2022-08-06,Gold
C0643,46,Female,East,2022-01-17,Bronze
C0644,25,Male,South,2022-08-13,Gold
C0645,57,Other,West,2022-12-30,Silver
C0646,26,Male,South,2022-11-12,Bronze
C0647,40,Other,East,2022-10-19,Silver
C0648,63,Female,East,2022-06-15,Gold
C0649,61,Male,South,2022-09-21,Platinum
C0650,35,Other,South,2022-01-31,Silver
C0651,27,Other,East,2022-05-08,Silver
C0652,43,Female,South,2022-12-13,Gold
C0653,44,Female,West,2022-11-18,Bronze
C0654,23,Female,Central,2022-11-21,Gold
C0655,41,Female,West,2022-12-22,Gold
C0656,18,Other,North,2022-10-25,Platinum
C0657,60,Other,East,2022-11-22,Bronze
C0658,43,Male,West,2022-10-01,Silver
C0659,35,Female,East,2022-09-11,Gold
C0660,54,Male,Central,2022-10-08,Platinum
C0661,61,Male,North,2022-06-25,Bronze
C0662,47,Male,North,2022-11-17,Silver
C0663,47,Male,West,2022-08-14,Silver
C0664,26,Other,East,2022-12-19,Silver
C0665,23,Other,East,2022-05-21,Gold
C0666,41,Other,South,2022-02-12,Bronze
C0667,58,Female,South,2022-07-22,Platinum
C0668,23,Other,North,2022-12-02,Bronze
C0669,48,Male,South,2022-04-20,Silver
C0670,61,Female,North,2022-09-23,Bronze
C0671,39,Male,West,2022-12-23,Silver
C0672,22,Male,West,2022-09-02,Bronze
C0673,24,Female,East,2022-02-22,Gold
C0674,42,Male,South,2022-03-12,Bronze
C0675,54,Male,Central,2022-09-29,Silver
C0676,40,Other,South,2022-08-14,Silver
C0677,57,Other,West,2022-07-30,Silver
C0678,24,Male,North,2022-02-14,Platinum
C0679,45,Female,South,2022-06-29,Silver
C0680,59,Male,South,2022-05-22,Gold
C0681,19,Other,East,2022-12-20,Silver
C0682,56,Other,South,2022-09-23,Platinum
C0683,59,Male,South,2022-06-01,Platinum
C0684,25,Male,West,2022-07-17,Bronze
C0685,18,Female,East,2022-09-28,Silver
C0686,54,Female,East,2022-07-18,Silver
C0687,22,Male,Central,2022-08-30,Bronze
C0688,34,Male,North,2022-01-08,Bronze
C0689,50,Female,Central,2022-07-23,Platinum
C0690,62,Female,North,2022-08-05,Silver
C0691,23,Female,North,2022-05-23,Silver
C0692,52,Female,West,2022-03-21,Bronze
C0693,62,Female,South,2022-06-08,Bronze
C0694,23,Female,North,2022-05-06,Platinum
C0695,56,Male,East,2022-11-10,Silver
C0696,18,Other,South,2022-03-03,Bronze
C0697,49,Female,Central,2022-03-25,Gold
C0698,41,Male,East,2022-03-27,Bronze
C0699,39,Female,East,2022-01-16,Bronze
C0700,63,Other,North,2022-05-15,Platinum
C0701,50,Female,North,2022-08-22,Platinum
C0702,28,Female,South,2022-10-18,Gold
C0703,54,Other,North,2022-02-22,Silver
C0704,18,Male,North,2022-09-18,Silver
C0705,48,Female,West,2022-01-24,Silver
C0706,20,Other,West,2022-04-02,Silver
C0707,33,Female,East,2022-06-14,Gold
C0708,54,Female,North,2022-02-09,Bronze
C0709,32,Other,North,2022-04-02,Platinum
C0710,47,Female,East,2022-02-05,Gold
C0711,53,Female,North,2022-02-14,Gold
C0712,36,Other,East,2022-04-13,Silver
C0713,41,Other,West,2022-08-26,Silver
C0714,33,Male,North,2022-10-07,Platinum
C0715,32,Other,East,2022-01-13,Bronze
C0716,18,Other,West,2022-06-21,Gold
C0717,31,Other,South,2022-02-23,Platinum
C0718,21,Male,East,2022-09-09,Bronze
C0719,32,Other,West,2022-01-23,Gold
C0720,65,Male,Central,2022-08-23,Bronze
C0721,26,Other,West,2022-09-16,Bronze
C0722,54,Male,West,2022-10-31,Silver
C0723,36,Female,East,2022-05-02,Platinum
C0724,65,Female,East,2022-12-25,Platinum
C0725,32,Male,South,2022-05-20,Silver
C0726,24,Male,North,2022-10-27,Silver
C0727,47,Female,West,2022-08-19,Bronze
C0728,40,Male,West,2022-10-02,Gold
C0729,34,Male,North,2022-08-26,Silver
C0730,37,Other,Central,2022-12-18,Bronze
C0731,38,Male,North,2022-04-21,Silver
C0732,43,Other,North,2022-07-02,Gold
C0733,29,Male,West,2022-05-14,Platinum
C0734,65,Other,South,2022-10-12,Bronze
C0735,24,Male,North,2022-08-25,Bronze
C0736,32,Male,South,2022-02-01,Platinum
C0737,61,Other,North,2022-07-10,Gold
C0738,19,Male,South,2022-02-08,Platinum
C0739,23,Female,North,2022-03-07,Bronze
C0740,21,Male,Central,2022-08-25,Platinum
C0741,49,Male,West,2022-07-22,Platinum
C0742,40,Male,South,2022-03-30,Gold
C0743,46,Male,North,2022-05-24,Silver
C0744,36,Female,West,2022-11-28,Platinum
C0745,23,Female,West,2022-02-01,Silver
C0746,30,Other,Central,2022-08-03,Silver
C0747,52,Male,West,2022-11-19,Gold
C0748,52,Female,East,2022-09-03,Gold
C0749,35,Male,North,2022-07-18,Gold
C0750,32,Male,East,2022-11-02,Bronze
C0751,51,Female,Central,2022-08-30,Silver
C0752,24,Male,South,2022-03-23,Gold
C0753,65,Male,South,2022-10-01,Platinum
C0754,29,Male,South,2022-07-01,Gold
C0755,40,Other,North,2022-12-24,Gold
C0756,54,Male,Central,2022-10-18,Silver
C0757,52,Female,South,2022-09-10,Platinum
C0758,23,Male,South,2022-01-20,Silver
C0759,51,Female,North,2022-01-11,Gold
C0760,30,Male,East,2022-11-11,Silver
C0761,21,Male,South,2022-06-15,Silver
C0762,51,Female,North,2022-02-26,Gold
C0763,60,Female,Central,2022-12-27,Bronze
C0764,37,Female,South,2022-06-22,Silver
C0765,58,Female,East,2022-08-12,Silver
C0766,53,Other,Central,2022-12-29,Gold
C0767,60,Other,South,2022-04-25,Platinum
C0768,64,Other,East,2022-06-07,Silver
C0769,64,Male,Central,2022-04-01,Platinum
C0770,20,Male,Central,2022-10-18,Gold
C0771,32,Other,Central,2022-11-10,Bronze
C0772,27,Female,North,2022-09-12,Silver
C0773,38,Male,North,2022-06-27,Gold
C0774,18,Female,South,2022-08-17,Silver
C0775,22,Female,East,2022-12-21,Bronze
C0776,21,Female,West,2022-01-01,Platinum
C0777,44,Female,West,2022-03-27,Gold
C0778,42,Male,West,2022-10-07,Silver
C0779,46,Male,North,2022-03-25,Gold
C0780,38,Female,North,2022-01-11,Bronze
C0781,28,Female,South,2022-06-25,Bronze
C0782,23,Female,Central,2022-10-08,Platinum
C0783,19,Female,South,2022-12-27,Platinum
C0784,21,Male,East,2022-03-22,Silver
C0785,44,Other,Central,2022-04-08,Gold
C0786,36,Female,South,2022-12-05,Bronze
C0787,43,Other,Central,2022-01-26,Platinum
C0788,21,Female,North,2022-03-20,Platinum
C0789,36,Other,Central,2022-02-14,Platinum
C0790,24,Male,South,2022-04-13,Silver
C0791,36,Male,West,2022-11-23,Bronze
C0792,43,Female,West,2022-06-07,Gold
C0793,59,Other,West,2022-02-16,Silver
C0794,42,Female,South,2022-07-09,Platinum
C0795,34,Female,West,2022-01-23,Gold
C0796,35,Other,North,2022-04-26,Silver
C0797,60,Male,North,2022-12-23,Gold
C0798,44,Other,South,2022-10-05,Bronze
C0799,51,Female,Central,2022-07-18,Platinum
C0800,33,Female,East,2022-10-21,Bronze
C0801,63,Male,Central,2022-07-22,Silver
C0802,46,Male,South,2022-03-03,Silver
C0803,26,Male,West,2022-04-09,Bronze
C0804,45,Male,South,2022-12-16,Gold
C0805,64,Male,North,2022-06-13,Platinum
C0806,43,Other,East,2022-10-12,Gold
C0807,47,Male,Central,2022-09-24,Platinum
C0808,44,Male,South,2022-02-27,Bronze
C0809,54,Male,East,2022-02-24,Gold
C0810,34,Female,West,2022-07-30,Platinum
C0811,29,Female,West,2022-01-20,Silver
C0812,56,Other,West,2022-11-13,Bronze
C0813,39,Other,South,2022-07-22,Bronze
C0814,35,Female,North,2022-09-01,Gold
C0815,37,Female,West,2022-06-05,Bronze
C0816,26,Female,West,2022-04-27,Gold
C0817,64,Female,Central,2022-05-18,Bronze
C0818,46,Male,West,2022-04-07,Platinum
C0819,41,Male,Central,2022-09-22,Silver
C0820,37,Other,Central,2022-02-03,Platinum
C0821,51,Other,North,2022-03-11,Silver
C0822,30,Male,South,2022-04-09,Bronze
C0823,21,Female,South,2022-08-22,Gold
C0824,47,Other,West,2022-07-08,Bronze
C0825,19,Male,East,2022-12-15,Platinum
C0826,46,Male,West,2022-11-01,Gold
C0827,28,Female,North,2022-06-26,Gold
C0828,42,Male,South,2022-01-15,Silver
C0829,59,Male,South,2022-04-24,Gold
C0830,44,Other,North,2022-11-30,Bronze
C0831,26,Other,South,2022-08-31,Bronze
C0832,34,Other,East,2022-04-25,Gold
C0833,42,Female,West,2022-08-05,Gold
C0834,47,Female,Central,2022-04-22,Platinum
C0835,24,Male,Central,2022-10-27,Gold
C0836,59,Other,Central,2022-10-15,Gold
C0837,61,Male,West,2022-06-02,Bronze
C0838,35,Other,East,2022-06-22,Gold
C0839,59,Other,East,2022-05-14,Silver
C0840,51,Male,North,2022-03-18,Platinum
C0841,38,Other,South,2022-12-05,Bronze
C0842,49,Female,East,2022-12-02,Platinum
C0843,42,Other,North,2022-07-27,Silver
C0844,64,Other,South,2022-06-25,Platinum
C0845,40,Other,East,2022-12-10,Silver
C0846,53,Male,East,2022-12-03,Bronze
C0847,26,Other,East,2022-08-30,Silver
C0848,39,Other,North,2022-12-15,Silver
C0849,32,Other,East,2022-07-01,Platinum
C0850,41,Female,Central,2022-06-19,Gold
C0851,25,Female,North,2022-08-26,Bronze
C0852,30,Other,North,2022-08-30,Platinum
C0853,37,Female,North,2022-09-29,Silver
C0854,30,Female,West,2022-03-12,Platinum
C0855,38,Other,South,2022-03-15,Bronze
C0856,39,Other,South,2022-09-07,Gold
C0857,21,Male,West,2022-11-21,Gold
C0858,28,Other,South,2022-04-18,Platinum
C0859,26,Other,West,2022-02-15,Platinum
C0860,45,Female,West,2022-07-26,Bronze
C0861,52,Male,East,2022-01-20,Bronze
C0862,51,Male,North,2022-06-14,Bronze
C0863,64,Male,South,2022-11-17,Gold
C0864,26,Male,West,2022-06-09,Gold
C0865,22,Male,East,2022-03-27,Gold
C0866,64,Other,Central,2022-08-22,Gold
C0867,61,Male,East,2022-08-11,Platinum
C0868,30,Male,West,2022-07-03,Bronze
C0869,32,Other,South,2022-04-27,Silver
C0870,55,Other,South,2022-01-12,Bronze
C0871,63,Other,North,2022-07-07,Platinum
C0872,34,Other,Central,2022-11-24,Bronze
C0873,21,Other,North,2022-11-01,Bronze
C0874,62,Male,West,2022-01-25,Platinum
C0875,25,Other,East,2022-07-14,Platinum
C0876,27,Male,North,2022-12-26,Gold
C0877,60,Male,Central,2022-08-04,Gold
C0878,56,Other,South,2022-11-15,Platinum
C0879,50,Other,Central,2022-02-23,Bronze
C0880,25,Male,West,2022-05-25,Silver
C0881,30,Female,Central,2022-11-08,Silver
C0882,63,Female,East,2022-07-03,Silver
C0883,53,Female,South,2022-01-21,Platinum
C0884,33,Male,North,2022-06-19,Bronze
C0885,54,Other,West,2022-02-26,Silver
C0886,50,Male,North,2022-02-16,Gold
C0887,32,Female,East,2022-11-26,Gold
C0888,21,Male,South,2022-08-26,Bronze
C0889,41,Other,East,2022-05-29,Platinum
C0890,24,Male,North,2022-03-01,Silver
C0891,59,Male,East,2022-12-06,Gold
C0892,57,Female,North,2022-08-13,Gold
C0893,29,Male,West,2022-06-25,Platinum
C0894,35,Female,West,2022-08-22,Platinum
C0895,28,Male,South,2022-11-29,Bronze
C0896,24,Female,Central,2022-03-23,Platinum
C0897,61,Female,South,2022-10-19,Platinum
C0898,57,Male,South,2022-07-03,Platinum
C0899,25,Female,West,2022-09-07,Bronze
C0900,34,Other,East,2022-02-02,Bronze
C0901,61,Other,Central,2022-12-27,Silver
C0902,39,Other,Central,2022-12-09,Bronze
C0903,60,Other,South,2022-08-10,Platinum
C0904,60,Other,West,2022-06-27,Silver
C0905,57,Male,North,2022-10-13,Silver
C0906,48,Female,South,2022-09-16,Bronze
C0907,38,Male,East,2022-09-09,Gold
C0908,50,Male,Central,2022-01-26,Platinum
C0909,33,Male,West,2022-07-26,Platinum
C0910,46,Male,West,2022-10-21,Platinum
C0911,25,Female,North,2022-06-11,Bronze
C0912,44,Male,Central,2022-07-26,Bronze
C0913,56,Other,East,2022-02-16,Silver
C0914,60,Female,East,2022-12-02,Gold
C0915,32,Female,East,2022-01-28,Platinum
C0916,41,Other,West,2022-12-03,Bronze
C0917,60,Male,North,2022-02-19,Gold
C0918,58,Female,Central,2022-07-01,Gold
C0919,24,Male,South,2022-12-26,Platinum
C0920,63,Other,West,2022-03-13,Bronze
C0921,57,Male,South,2022-05-11,Bronze
C0922,31,Female,South,2022-07-21,Gold
C0923,44,Male,Central,2022-02-25,Bronze
C0924,47,Other,Central,2022-08-19,Silver
C0925,18,Other,North,2022-09-13,Platinum
C0926,48,Other,South,2022-10-27,Silver
C0927,24,Female,Central,2022-03-07,Gold
C0928,42,Female,Central,2022-09-16,Silver
C0929,43,Female,East,2022-05-21,Platinum
C0930,26,Female,Central,2022-03-10,Gold
C0931,53,Female,Central,2022-12-26,Silver
C0932,31,Other,East,2022-04-13,Gold
C0933,26,Other,South,2022-12-11,Gold
C0934,25,Female,Central,2022-12-30,Platinum
C0935,54,Other,West,2022-10-26,Gold
C0936,18,Other,North,2022-08-05,Bronze
C0937,27,Male,North,2022-07-15,Silver
C0938,28,Female,East,2022-05-17,Silver
C0939,62,Female,South,2022-02-01,Bronze
C0940,46,Male,Central,2022-07-03,Silver
C0941,53,Female,South,2022-11-28,Gold
C0942,60,Male,West,2022-12-21,Platinum
C0943,61,Female,Central,2022-08-02,Bronze
C0944,65,Female,South,2022-01-07,Platinum
C0945,58,Other,East,2022-04-26,Silver
C0946,36,Female,South,2022-04-10,Bronze
C0947,29,Other,Central,2022-04-06,Bronze
C0948,20,Female,East,2022-07-13,Gold
C0949,28,Other,East,2022-03-08,Bronze
C0950,47,Other,South,2022-06-19,Bronze
C0951,38,Other,North,2022-03-20,Gold
C0952,54,Other,East,2022-09-09,Bronze
C0953,38,Other,South,2022-12-29,Silver
C0954,22,Other,South,2022-09-24,Platinum
C0955,52,Female,North,2022-10-06,Gold
C0956,31,Other,East,2022-04-24,Gold
C0957,36,Male,Central,2022-07-04,Platinum
C0958,59,Male,North,2022-10-15,Gold
C0959,33,Other,Central,2022-08-17,Silver
C0960,61,Female,West,2022-01-21,Bronze
C0961,34,Other,East,2022-07-17,Bronze
C0962,41,Other,Central,2022-09-22,Platinum
C0963,20,Female,South,2022-09-07,Gold
C0964,23,Male,South,2022-09-21,Bronze
C0965,22,Male,South,2022-11-17,Platinum
C0966,31,Other,West,2022-02-23,Bronze
C0967,27,Male,West,2022-12-18,Gold
C0968,23,Male,North,2022-01-20,Silver
C0969,53,Male,Central,2022-05-09,Silver
C0970,44,Female,West,2022-05-13,Platinum
C0971,38,Male,West,2022-08-10,Bronze
C0972,18,Other,Central,2022-10-01,Bronze
C0973,20,Other,North,2022-10-27,Gold
C0974,24,Female,East,2022-09-15,Bronze
C0975,46,Female,West,2022-05-25,Bronze
C0976,28,Other,South,2022-08-31,Silver
C0977,52,Female,South,2022-07-20,Gold
C0978,64,Other,East,2022-12-13,Bronze
C0979,53,Male,North,2022-10-11,Bronze
C0980,54,Other,West,2022-01-03,Bronze
C0981,31,Other,East,2022-06-06,Silver
C0982,59,Other,South,2022-07-31,Silver
C0983,32,Other,East,2022-04-05,Silver
C0984,29,Other,Central,2022-02-28,Bronze
C0985,47,Other,Central,2022-10-09,Bronze
C0986,60,Male,East,2022-05-29,Bronze
C0987,64,Other,West,2022-04-12,Gold
C0988,26,Other,South,2022-07-02,Bronze
C0989,57,Male,South,2022-05-26,Gold
C0990,46,Female,Central,2022-09-06,Gold
C0991,55,Male,Central,2022-12-22,Gold
C0992,45,Male,North,2022-06-11,Gold
C0993,32,Other,West,2022-05-07,Gold
C0994,26,Other,East,2022-07-04,Platinum
C0995,46,Female,East,2022-08-25,Platinum
C0996,24,Male,Central,2022-10-10,Bronze
C0997,26,Other,South,2022-05-24,Gold
C0998,22,Other,North,2022-11-17,Bronze
C0999,58,Male,Central,2022-09-17,Platinum
C1000,31,Male,Central,2022-10-30,Gold
C1001,52,Female,South,2022-10-06,Gold
C1002,32,Other,East,2022-07-20,Silver
C1003,50,Other,North,2022-08-26,Platinum
C1004,50,Male,South,2022-07-06,Silver
C1005,26,Female,South,2022-09-21,Silver
C1006,54,Other,South,2022-10-17,Platinum
C1007,20,Male,West,2022-07-03,Silver
C1008,34,Female,South,2022-02-02,Bronze
C1009,31,Other,East,2022-12-09,Platinum
C1010,47,Male,North,2022-08-29,Gold
C1011,63,Other,East,2022-02-22,Gold
C1012,52,Other,South,2022-10-24,Platinum
C1013,42,Female,Central,2022-12-01,Bronze
C1014,34,Female,South,2022-09-22,Platinum
C1015,40,Female,West,2022-06-30,Bronze
C1016,26,Female,South,2022-09-14,Silver
C1017,50,Other,East,2022-02-09,Silver
C1018,29,Male,East,2022-03-18,Bronze
C1019,32,Female,East,2022-12-05,Bronze
C1020,61,Female,West,2022-09-04,Silver
C1021,28,Other,West,2022-10-30,Bronze
C1022,20,Male,Central,2022-05-05,Silver
C1023,58,Other,North,2022-03-10,Silver
C1024,28,Female,South,2022-01-29,Platinum
C1025,54,Other,North,2022-11-03,Gold
C1026,31,Female,Central,2022-02-13,Platinum
C1027,28,Male,West,2022-09-04,Silver
C1028,29,Other,Central,2022-10-26,Gold
C1029,64,Other,East,2022-03-27,Platinum
C1030,55,Male,South,2022-11-02,Platinum
C1031,26,Male,North,2022-07-17,Silver
C1032,50,Other,West,2022-09-25,Silver
C1033,24,Male,West,2022-11-07,Bronze
C1034,50,Male,North,2022-09-30,Platinum
C1035,26,Other,Central,2022-12-04,Bronze
C1036,59,Female,Central,2022-12-14,Platinum
C1037,20,Other,Central,2022-07-09,Platinum
C1038,48,Female,East,2022-04-28,Bronze
C1039,26,Female,West,2022-08-06,Silver
C1040,36,Other,Central,2022-02-12,Platinum
C1041,30,Male,North,2022-05-12,Bronze
C1042,18,Female,South,2022-09-24,Gold
C1043,41,Male,South,2022-07-29,Platinum
C1044,55,Female,East,2022-11-30,Platinum
C1045,41,Other,East,2022-10-17,Platinum
C1046,44,Other,Central,2022-04-15,Platinum
C1047,41,Other,Central,2022-04-02,Platinum
C1048,37,Other,East,2022-05-10,Platinum
C1049,60,Male,South,2022-03-12,Platinum
C1050,28,Male,South,2022-12-25,Platinum
C1051,53,Other,North,2022-06-23,Silver
C1052,58,Male,North,2022-07-19,Silver
C1053,56,Female,North,2022-08-30,Bronze
C1054,32,Female,North,2022-05-15,Bronze
C1055,43,Other,Central,2022-07-16,Gold
C1056,56,Male,South,2022-12-31,Platinum
C1057,18,Male,Central,2022-08-13,Gold
C1058,20,Other,Central,2022-04-10,Silver
C1059,28,Other,North,2022-11-11,Gold
C1060,59,Male,South,2022-05-03,Bronze
C1061,43,Female,West,2022-05-22,Platinum
C1062,30,Other,North,2022-10-28,Bronze
C1063,53,Female,Central,2022-02-16,Gold
C1064,35,Male,Central,2022-06-27,Silver
C1065,43,Other,North,2022-08-21,Gold
C1066,44,Other,North,2022-03-31,Bronze
C1067,36,Female,North,2022-09-15,Gold
C1068,54,Female,West,2022-10-03,Platinum
C1069,48,Male,East,2022-10-16,Platinum
C1070,47,Other,North,2022-12-15,Platinum
C1071,34,Male,West,2022-03-01,Silver
C1072,62,Male,East,2022-12-13,Platinum
C1073,51,Other,North,2022-06-30,Gold
C1074,36,Male,West,2022-05-08,Gold
C1075,53,Male,West,2022-02-08,Gold
C1076,31,Other,East,2022-07-01,Silver
C1077,30,Female,South,2022-12-16,Silver
C1078,34,Male,South,2022-05-04,Silver
C1079,57,Female,South,2022-05-08,Bronze
C1080,23,Other,West,2022-03-03,Bronze
C1081,20,Female,East,2022-10-05,Gold
C1082,54,Female,West,2022-09-10,Silver
C1083,35,Female,South,2022-09-19,Silver
C1084,51,Female,West,2022-01-28,Bronze
C1085,40,Female,South,2022-09-15,Platinum
C1086,62,Other,West,2022-03-03,Gold
C1087,18,Male,South,2022-12-19,Platinum
C1088,24,Female,East,2022-10-25,Gold
C1089,53,Female,South,2022-04-06,Gold
C1090,57,Female,East,2022-08-30,Silver
C1091,45,Male,West,2022-09-13,Gold
C1092,43,Female,West,2022-07-06,Silver
C1093,26,Other,South,2022-10-20,Bronze
C1094,33,Other,West,2022-05-19,Platinum
C1095,27,Other,South,2022-04-11,Platinum
C1096,29,Female,West,2022-01-05,Silver
C1097,51,Other,East,2022-11-19,Platinum
C1098,34,Other,Central,2022-06-03,Bronze
C1099,24,Other,South,2022-07-23,Bronze
C1100,34,Female,North,2022-04-21,Platinum
C1101,34,Female,East,2022-06-21,Gold
C1102,19,Female,North,2022-06-26,Gold
C1103,56,Male,Central,2022-12-14,Silver
C1104,40,Female,Central,2022-05-26,Platinum
C1105,23,Female,Central,2022-08-17,Gold
C1106,58,Male,South,2022-08-26,Gold
C1107,58,Other,Central,2022-08-04,Platinum
C1108,23,Male,East,2022-02-06,Silver
C1109,38,Other,East,2022-06-10,Gold
C1110,59,Female,East,2022-11-06,Platinum
C1111,65,Other,Central,2022-07-05,Platinum
C1112,28,Male,North,2022-07-31,Silver
C1113,60,Female,North,2022-05-01,Silver
C1114,43,Male,North,2022-03-27,Bronze
C1115,53,Male,North,2022-08-31,Platinum
C1116,23,Male,East,2022-09-26,Silver
C1117,59,Female,East,2022-02-13,Silver
C1118,65,Female,West,2022-05-07,Silver
C1119,51,Male,North,2022-03-09,Bronze
C1120,40,Female,West,2022-12-06,Platinum
C1121,35,Other,West,2022-10-04,Silver
C1122,52,Male,Central,2022-12-24,Platinum
C1123,65,Other,Central,2022-11-20,Platinum
C1124,58,Other,Central,2022-09-26,Gold
C1125,48,Other,South,2022-06-27,Bronze
C1126,37,Female,West,2022-08-15,Gold
C1127,37,Male,North,2022-03-21,Silver
C1128,36,Female,Central,2022-06-26,Bronze
C1129,49,Female,East,2022-12-19,Bronze
C1130,36,Other,South,2022-08-09,Bronze
C1131,41,Male,West,2022-10-08,Platinum
C1132,33,Male,West,2022-07-22,Platinum
C1133,34,Male,West,2022-04-23,Silver
C1134,57,Other,East,2022-09-22,Gold
C1135,65,Other,East,2022-11-29,Platinum
C1136,22,Male,South,2022-04-07,Gold
C1137,58,Female,Central,2022-02-26,Platinum
C1138,62,Other,West,2022-05-20,Silver
C1139,19,Male,North,2022-06-14,Bronze
C1140,24,Female,East,2022-04-06,Silver
C1141,64,Male,South,2022-08-13,Bronze
C1142,18,Female,South,2022-03-19,Gold
C1143,37,Female,East,2022-08-04,Platinum
C1144,20,Female,North,2022-12-23,Silver
C1145,35,Female,North,2022-01-29,Platinum
C1146,30,Female,West,2022-04-03,Bronze
C1147,63,Male,West,2022-03-04,Platinum
C1148,65,Male,South,2022-05-07,Platinum
C1149,51,Other,South,2022-02-18,Platinum
C1150,61,Female,East,2022-07-19,Silver
C1151,64,Male,Central,2022-11-19,Bronze
C1152,48,Other,East,2022-05-10,Silver
C1153,21,Other,South,2022-07-04,Bronze
C1154,58,Female,East,2022-05-01,Bronze
C1155,35,Other,North,2022-03-27,Platinum
C1156,18,Male,Central,2022-05-05,Platinum
C1157,56,Male,East,2022-12-19,Bronze
C1158,28,Female,North,2022-05-08,Gold
C1159,21,Male,East,2022-11-17,Silver
C1160,52,Male,South,2022-12-26,Platinum
C1161,38,Other,East,2022-04-30,Platinum
C1162,19,Other,West,2022-04-09,Gold
C1163,34,Male,West,2022-03-10,Platinum
C1164,36,Other,West,2022-10-14,Silver
C1165,29,Other,East,2022-10-18,Gold
C1166,35,Other,Central,2022-08-28,Silver
C1167,51,Male,West,2022-02-05,Gold
C1168,52,Female,West,2022-05-15,Bronze
C1169,50,Female,South,2022-11-23,Bronze
C1170,41,Other,South,2022-11-14,Gold
C1171,60,Other,West,2022-02-02,Silver
C1172,61,Female,Central,2022-09-26,Silver
C1173,36,Female,West,2022-11-10,Gold
C1174,24,Other,North,2022-02-26,Bronze
C1175,29,Male,South,2022-03-08,Bronze
C1176,30,Male,North,2022-09-06,Platinum
C1177,49,Other,Central,2022-12-03,Gold
C1178,41,Male,Central,2022-01-26,Bronze
C1179,31,Other,West,2022-01-07,Bronze
C1180,58,Male,East,2022-08-28,Platinum
C1181,63,Male,Central,2022-07-08,Gold
C1182,20,Other,North,2022-09-28,Gold
C1183,31,Other,North,2022-02-09,Bronze
C1184,52,Female,South,2022-04-29,Silver
C1185,60,Male,Central,2022-09-27,Silver
C1186,65,Other,West,2022-10-13,Bronze
C1187,54,Female,West,2022-11-23,Platinum
C1188,28,Male,Central,2022-02-23,Platinum
C1189,39,Other,South,2022-09-16,Platinum
C1190,38,Other,East,2022-06-30,Gold
C1191,58,Female,East,2022-07-31,Silver
C1192,52,Male,West,2022-10-16,Gold
C1193,46,Female,West,2022-07-04,Bronze
C1194,36,Other,North,2022-01-18,Silver
C1195,18,Female,South,2022-06-04,Silver
C1196,19,Other,East,2022-06-11,Silver
C1197,20,Female,East,2022-02-18,Silver
C1198,34,Female,Central,2022-03-12,Silver
C1199,34,Female,North,2022-04-30,Platinum
C1200,31,Other,North,2022-10-19,Gold
C1201,29,Female,Central,2022-09-05,Bronze
C1202,59,Female,North,2022-11-01,Platinum
C1203,21,Female,East,2022-02-10,Platinum
C1204,25,Male,Central,2022-08-02,Bronze
C1205,58,Female,North,2022-11-21,Gold
C1206,20,Female,Central,2022-09-26,Silver
C1207,50,Other,South,2022-06-17,Silver
C1208,61,Other,West,2022-01-26,Platinum
C1209,54,Other,North,2022-11-01,Silver
C1210,36,Female,South,2022-08-10,Silver
C1211,23,Female,Central,2022-06-22,Bronze
C1212,43,Female,North,2022-10-08,Platinum
C1213,45,Other,South,2022-09-14,Silver
C1214,53,Male,West,2022-09-04,Platinum
C1215,54,Male,Central,2022-11-30,Silver
C1216,22,Female,West,2022-05-05,Gold
C1217,54,Male,North,2022-12-17,Platinum
C1218,41,Female,South,2022-08-05,Gold
C1219,56,Other,North,2022-06-26,Gold
C1220,40,Other,West,2022-03-28,Silver
C1221,20,Male,South,2022-08-14,Gold
C1222,64,Male,North,2022-03-21,Bronze
C1223,57,Male,East,2022-05-05,Bronze
C1224,62,Male,East,2022-06-25,Platinum
C1225,19,Female,South,2022-08-30,Silver
C1226,52,Other,East,2022-04-15,Platinum
C1227,64,Male,North,2022-11-15,Platinum
C1228,60,Other,North,2022-10-26,Gold
C1229,21,Female,South,2022-03-29,Gold
C1230,47,Other,North,2022-01-28,Bronze
C1231,60,Female,East,2022-07-18,Bronze
C1232,36,Other,West,2022-01-10,Silver
C1233,50,Other,North,2022-07-14,Gold
C1234,56,Other,North,2022-09-06,Silver
C1235,50,Female,Central,2022-04-12,Bronze
C1236,33,Other,East,2022-01-21,Gold
C1237,43,Other,South,2022-09-08,Bronze
C1238,61,Female,East,2022-06-27,Gold
C1239,50,Female,North,2022-05-01,Gold
C1240,19,Other,East,2022-07-18,Silver
C1241,39,Female,South,2022-03-19,Bronze
C1242,51,Other,Central,2022-07-15,Silver
C1243,33,Other,South,2022-08-02,Platinum
C1244,56,Female,West,2022-06-09,Silver
C1245,59,Male,Central,2022-04-16,Silver
C1246,37,Other,Central,2022-03-12,Silver
C1247,27,Other,Central,2022-08-09,Silver
C1248,22,Other,Central,2022-06-12,Bronze
C1249,38,Male,North,2022-04-05,Gold
C1250,44,Female,West,2022-07-31,Gold
C1251,30,Male,South,2022-03-19,Silver
C1252,57,Other,East,2022-01-14,Silver
C1253,32,Male,North,2022-11-02,Gold
C1254,62,Female,South,2022-02-10,Platinum
C1255,59,Female,South,2022-12-31,Platinum
C1256,48,Male,South,2022-09-09,Silver
C1257,20,Female,North,2022-04-26,Gold
C1258,32,Other,South,2022-07-31,Silver
C1259,29,Female,Central,2022-02-03,Platinum
C1260,38,Female,South,2022-12-19,Platinum
C1261,20,Other,West,2022-07-27,Gold
C1262,57,Other,Central,2022-07-21,Bronze
C1263,24,Female,West,2022-09-24,Bronze
C1264,51,Other,West,2022-05-06,Bronze
C1265,42,Other,North,2022-10-13,Silver
C1266,46,Female,East,2022-05-30,Gold
C1267,28,Female,East,2022-08-25,Bronze
C1268,51,Male,West,2022-12-20,Platinum
C1269,64,Other,North,2022-02-16,Silver
C1270,62,Other,South,2022-10-27,Platinum
C1271,38,Female,North,2022-07-31,Silver
C1272,55,Other,South,2022-08-21,Platinum
C1273,34,Female,South,2022-02-16,Bronze
C1274,25,Other,West,2022-02-16,Gold
C1275,51,Other,West,2022-02-13,Silver
C1276,53,Female,North,2022-07-13,Silver
C1277,54,Other,South,2022-06-21,Silver
C1278,29,Other,North,2022-03-16,Platinum
C1279,37,Other,West,2022-06-07,Gold
C1280,29,Male,South,2022-11-17,Silver
C1281,57,Female,North,2022-01-02,Platinum
C1282,49,Other,North,2022-09-12,Platinum
C1283,31,Other,West,2022-05-02,Platinum
C1284,46,Male,Central,2022-07-29,Bronze
C1285,53,Female,Central,2022-05-06,Silver
C1286,29,Male,North,2022-01-26,Gold
C1287,27,Male,Central,2022-01-19,Gold
C1288,23,Male,North,2022-06-19,Platinum
C1289,28,Other,East,2022-04-02,Silver
C1290,65,Other,East,2022-08-22,Bronze
C1291,37,Female,East,2022-02-17,Platinum
C1292,45,Other,North,2022-02-04,Gold
C1293,26,Male,East,2022-08-30,Gold
C1294,44,Other,South,2022-09-27,Silver
C1295,21,Male,Central,2022-11-10,Bronze
C1296,64,Other,Central,2022-09-05,Gold
C1297,56,Female,East,2022-08-07,Gold
C1298,57,Other,West,2022-03-08,Platinum
C1299,29,Other,South,2022-09-10,Gold
C1300,18,Male,North,2022-04-10,Platinum
C1301,25,Other,South,2022-11-17,Platinum
C1302,20,Female,East,2022-07-31,Silver
C1303,58,Male,East,2022-01-06,Gold
C1304,37,Female,Central,2022-02-04,Gold
C1305,25,Other,East,2022-01-04,Gold
C1306,64,Other,Central,2022-07-22,Bronze
C1307,30,Female,East,2022-03-31,Platinum
C1308,20,Other,South,2022-08-31,Platinum
C1309,58,Female,Central,2022-03-21,Gold
C1310,44,Other,North,2022-08-25,Gold
C1311,64,Other,East,2022-10-17,Bronze
C1312,54,Other,East,2022-04-17,Gold
C1313,27,Female,North,2022-02-03,Gold
C1314,58,Other,South,2022-07-12,Platinum
C1315,56,Male,East,2022-04-06,Gold
C1316,20,Female,West,2022-12-30,Bronze
C1317,33,Female,West,2022-09-12,Gold
C1318,51,Female,South,2022-04-21,Bronze
C1319,20,Male,North,2022-07-11,Platinum
C1320,19,Female,Central,2022-09-17,Silver
C1321,39,Female,Central,2022-04-08,Gold
C1322,27,Male,Central,2022-06-17,Silver
C1323,64,Male,West,2022-04-16,Platinum
C1324,51,Male,North,2023-01-01,Gold
C1325,61,Other,North,2022-01-23,Gold
C1326,20,Male,Central,2022-08-28,Gold
C1327,54,Female,South,2022-01-12,Gold
C1328,30,Female,East,2022-04-13,Gold
C1329,60,Male,East,2022-08-14,Silver
C1330,35,Male,North,2022-03-22,Bronze
C1331,52,Female,Central,2022-04-16,Gold
C1332,27,Other,East,2022-05-19,Silver
C1333,22,Female,Central,2022-03-29,Gold
C1334,46,Male,South,2022-10-04,Bronze
C1335,61,Male,North,2022-08-30,Platinum
C1336,23,Female,West,2022-01-28,Silver
C1337,56,Other,West,2022-12-27,Gold
C1338,39,Male,Central,2022-06-09,Bronze
C1339,54,Male,North,2022-08-27,Platinum
C1340,47,Female,West,2022-02-19,Platinum
C1341,32,Male,Central,2022-04-29,Gold
C1342,43,Male,East,2022-07-06,Gold
C1343,49,Male,North,2022-08-21,Platinum
C1344,40,Female,West,2022-02-27,Silver
C1345,40,Other,Central,2022-05-25,Silver
C1346,24,Female,North,2022-09-18,Gold
C1347,59,Male,East,2022-10-12,Platinum
C1348,55,Female,South,2022-07-25,Silver
C1349,28,Female,West,2022-10-08,Bronze
C1350,31,Other,Central,2022-06-24,Platinum
C1351,54,Female,Central,2022-08-11,Silver
C1352,60,Other,North,2022-03-30,Platinum
C1353,55,Other,West,2022-02-28,Gold
C1354,24,Female,South,2022-10-12,Gold
C1355,22,Other,North,2022-07-27,Platinum
C1356,49,Other,North,2022-06-17,Bronze
C1357,26,Other,North,2022-04-22,Silver
C1358,27,Female,Central,2022-12-05,Gold
C1359,57,Other,West,2022-07-19,Silver
C1360,61,Female,East,2022-04-16,Gold
C1361,63,Female,North,2022-08-11,Bronze
C1362,50,Female,South,2022-11-10,Gold
C1363,41,Other,North,2022-02-01,Bronze
C1364,53,Female,North,2022-12-27,Gold
C1365,33,Female,Central,2022-01-16,Platinum
C1366,38,Other,West,2022-11-17,Platinum
C1367,45,Other,South,2022-07-15,Silver
C1368,26,Male,Central,2022-09-01,Platinum
C1369,44,Male,East,2022-07-04,Silver
C1370,18,Male,North,2022-03-10,Silver
C1371,60,Female,South,2022-09-07,Bronze
C1372,59,Female,West,2022-03-12,Platinum
C1373,29,Female,Central,2022-11-16,Platinum
C1374,46,Female,East,2022-10-10,Silver
C1375,45,Other,North,2022-04-06,Platinum
C1376,63,Other,East,2022-05-02,Platinum
C1377,54,Female,North,2022-10-07,Bronze
C1378,48,Other,East,2022-10-18,Bronze
C1379,48,Other,North,2022-10-25,Silver
C1380,35,Female,Central,2022-09-27,Bronze
C1381,57,Male,South,2022-09-25,Platinum
C1382,65,Other,North,2022-11-19,Gold
C1383,21,Female,Central,2022-11-10,Bronze
C1384,47,Other,West,2022-08-29,Gold
C1385,40,Female,East,2022-08-04,Silver
C1386,62,Other,East,2022-01-19,Gold
C1387,58,Female,Central,2022-02-01,Silver
C1388,21,Other,East,2022-10-21,Bronze
C1389,49,Male,South,2022-05-27,Bronze
C1390,34,Male,Central,2022-05-23,Gold
C1391,34,Male,North,2022-05-21,Silver
C1392,65,Male,West,2022-10-30,Gold
C1393,34,Other,South,2022-03-31,Platinum
C1394,51,Male,East,2022-04-03,Bronze
C1395,56,Male,West,2022-03-16,Platinum
C1396,33,Other,West,2022-07-16,Silver
C1397,54,Other,East,2022-04-18,Bronze
C1398,34,Male,North,2022-11-25,Silver
C1399,43,Female,East,2022-08-26,Platinum
C1400,32,Female,West,2022-09-30,Platinum
C1401,27,Other,West,2022-05-15,Bronze
C1402,46,Female,East,2022-05-28,Bronze
C1403,52,Other,East,2022-02-19,Platinum
C1404,59,Female,East,2022-11-09,Gold
C1405,24,Female,Central,2022-05-17,Platinum
C1406,61,Other,South,2022-08-25,Silver
C1407,39,Other,South,2022-09-24,Gold
C1408,18,Other,North,2022-10-08,Bronze
C1409,44,Male,Central,2022-01-07,Bronze
C1410,46,Female,South,2022-12-17,Gold
C1411,30,Male,North,2022-05-09,Bronze
C1412,56,Other,South,2022-01-30,Bronze
C1413,25,Male,Central,2022-12-29,Silver
C1414,60,Other,Central,2022-07-12,Silver
C1415,62,Male,East,2022-02-26,Gold
C1416,60,Male,West,2022-08-28,Gold
C1417,62,Other,East,2022-08-07,Gold
C1418,22,Female,North,2022-03-24,Platinum
C1419,39,Male,East,2022-07-18,Gold
C1420,46,Male,West,2022-04-02,Silver
C1421,43,Male,West,2022-11-09,Bronze
C1422,52,Female,South,2022-03-15,Bronze
C1423,63,Female,North,2022-08-15,Bronze
C1424,22,Other,East,2022-02-07,Platinum
C1425,49,Male,North,2022-01-10,Bronze
C1426,42,Female,South,2022-12-07,Gold
C1427,54,Male,Central,2022-07-20,Platinum
C1428,45,Female,North,2022-09-02,Silver
C1429,42,Other,West,2022-01-02,Bronze
C1430,52,Female,East,2022-10-18,Gold
C1431,21,Other,North,2022-07-25,Gold
C1432,39,Male,West,2022-10-01,Gold
C1433,30,Male,Central,2022-11-28,Bronze
C1434,60,Male,East,2022-07-16,Platinum
C1435,58,Other,East,2022-02-24,Platinum
C1436,58,Female,South,2022-02-13,Silver
C1437,30,Male,Central,2022-01-19,Silver
C1438,42,Male,Central,2022-09-08,Gold
C1439,52,Female,North,2022-09-13,Bronze
C1440,21,Female,North,2022-06-23,Platinum
C1441,31,Other,Central,2022-03-02,Platinum
C1442,52,Male,Central,2022-12-14,Silver
C1443,20,Other,South,2022-02-06,Platinum
C1444,19,Female,Central,2022-12-01,Bronze
C1445,62,Other,South,2022-05-05,Bronze
C1446,58,Male,East,2022-03-30,Bronze
C1447,57,Male,Central,2022-08-22,Bronze
C1448,25,Female,Central,2022-02-24,Silver
C1449,30,Female,East,2022-02-02,Platinum
C1450,25,Other,Central,2022-06-16,Silver
C1451,31,Male,Central,2022-06-14,Silver
C1452,22,Male,East,2022-06-21,Silver
C1453,28,Other,East,2022-08-01,Silver
C1454,33,Other,North,2022-08-13,Silver
C1455,58,Other,West,2022-02-21,Silver
C1456,49,Male,North,2022-01-09,Bronze
C1457,23,Other,Central,2022-04-02,Gold
C1458,62,Female,South,2022-08-02,Silver
C1459,58,Female,Central,2022-03-15,Platinum
C1460,33,Male,Central,2022-07-30,Bronze
C1461,29,Other,West,2022-11-02,Bronze
C1462,37,Female,West,2022-11-18,Bronze
C1463,33,Male,North,2022-10-13,Bronze
C1464,41,Other,Central,2022-11-13,Silver
C1465,58,Other,South,2022-08-26,Gold
C1466,30,Male,South,2022-01-28,Platinum
C1467,29,Male,North,2022-09-12,Bronze
C1468,41,Female,South,2022-11-27,Platinum
C1469,39,Other,West,2022-05-09,Bronze
C1470,65,Male,Central,2022-02-23,Silver
C1471,19,Female,Central,2022-03-22,Bronze
C1472,33,Other,West,2022-02-06,Gold
C1473,30,Other,East,2022-08-03,Silver
C1474,38,Male,North,2022-02-26,Silver
C1475,30,Female,South,2022-07-31,Bronze
C1476,55,Female,North,2022-08-30,Platinum
C1477,31,Other,West,2022-03-16,Silver
C1478,41,Male,West,2022-07-18,Silver
C1479,40,Female,South,2022-11-20,Gold
C1480,20,Other,Central,2022-03-07,Bronze
C1481,26,Male,West,2022-05-24,Platinum
C1482,28,Female,South,2022-08-03,Gold
C1483,28,Other,Central,2022-11-06,Silver
C1484,53,Male,North,2022-10-23,Platinum
C1485,49,Male,Central,2022-09-25,Platinum
C1486,35,Male,West,2022-08-25,Silver
C1487,38,Female,Central,2022-05-07,Silver
C1488,27,Other,North,2022-10-30,Platinum
C1489,20,Female,Central,2022-01-23,Bronze
C1490,51,Female,West,2022-08-06,Bronze
C1491,49,Male,North,2022-08-20,Bronze
C1492,64,Female,South,2022-12-21,Silver
C1493,36,Male,North,2022-07-03,Bronze
C1494,60,Female,South,2022-09-03,Platinum
C1495,65,Other,North,2022-10-20,Platinum
C1496,26,Other,West,2022-08-26,Silver
C1497,58,Female,North,2022-07-09,Bronze
C1498,62,Female,Central,2022-07-17,Bronze
C1499,45,Female,Central,2022-06-01,Silver
C1500,23,Other,East,2022-12-17,Bronze
C1501,61,Female,North,2022-09-21,Bronze
C1502,41,Female,Central,2022-07-16,Bronze
C1503,41,Male,Central,2022-07-07,Bronze
C1504,63,Male,South,2022-10-15,Gold
C1505,52,Male,West,2022-05-03,Silver
C1506,38,Female,East,2022-04-26,Platinum
C1507,21,Male,East,2022-05-22,Gold
C1508,49,Other,Central,2022-08-20,Bronze
C1509,63,Other,Central,2022-08-29,Gold
C1510,57,Female,North,2022-08-20,Silver
C1511,23,Male,West,2022-08-23,Silver
C1512,22,Male,South,2022-05-28,Gold
C1513,62,Male,West,2022-02-27,Silver
C1514,51,Other,North,2022-04-15,Gold
C1515,61,Other,South,2022-08-02,Platinum
C1516,44,Female,North,2022-06-27,Gold
C1517,22,Male,South,2022-04-07,Gold
C1518,55,Female,East,2022-07-30,Platinum
C1519,60,Other,Central,2022-10-31,Platinum
C1520,37,Other,South,2022-08-23,Gold
C1521,34,Male,West,2022-03-29,Gold
C1522,21,Male,East,2022-05-28,Gold
C1523,28,Other,South,2022-08-22,Gold
C1524,29,Other,South,2022-04-04,Silver
C1525,25,Male,East,2022-05-02,Silver
C1526,34,Female,South,2022-08-14,Silver
C1527,63,Male,East,2022-10-15,Gold
C1528,41,Female,Central,2022-03-17,Silver
C1529,37,Male,North,2022-10-01,Platinum
C1530,27,Female,East,2022-09-13,Silver
C1531,65,Other,Central,2022-01-03,Gold
C1532,63,Female,West,2022-11-28,Gold
C1533,60,Male,Central,2022-10-21,Platinum
C1534,62,Male,West,2022-06-23,Bronze
C1535,61,Other,North,2022-03-13,Gold
C1536,43,Other,South,2022-01-13,Platinum
C1537,23,Female,North,2022-07-02,Silver
C1538,51,Male,East,2022-10-26,Silver
C1539,23,Other,West,2022-01-12,Bronze
C1540,43,Male,West,2022-09-20,Gold
C1541,56,Other,North,2022-11-05,Gold
C1542,27,Other,West,2022-07-23,Gold
C1543,41,Male,East,2022-07-17,Gold
C1544,37,Female,Central,2022-06-29,Bronze
C1545,64,Female,West,2022-04-21,Platinum
C1546,28,Other,West,2022-05-28,Platinum
C1547,55,Other,North,2022-03-13,Silver
C1548,37,Female,Central,2022-04-17,Gold
C1549,55,Female,North,2022-02-03,Bronze
C1550,58,Female,West,2022-07-29,Silver
C1551,47,Other,Central,2022-10-12,Silver
C1552,29,Female,East,2022-04-13,Platinum
C1553,37,Other,East,2022-01-22,Platinum
C1554,65,Female,South,2022-10-14,Bronze
C1555,27,Female,East,2022-01-02,Platinum
C1556,59,Other,East,2022-03-05,Platinum
C1557,49,Other,South,2022-04-02,Bronze
C1558,35,Female,North,2022-03-03,Gold
C1559,48,Other,West,2022-10-25,Gold
C1560,61,Female,North,2022-11-18,Gold
C1561,64,Other,North,2022-09-20,Gold
C1562,55,Male,South,2022-03-25,Gold
C1563,62,Male,East,2022-08-25,Silver
C1564,35,Female,West,2022-01-28,Gold
C1565,36,Female,Central,2022-01-25,Bronze
C1566,30,Other,South,2022-09-21,Bronze
C1567,28,Other,East,2022-11-03,Gold
C1568,37,Female,East,2022-12-17,Bronze
C1569,55,Female,South,2022-10-01,Bronze
C1570,51,Female,East,2022-03-12,Platinum
C1571,39,Male,North,2022-07-30,Silver
C1572,50,Male,South,2022-03-21,Bronze
C1573,47,Male,North,2022-08-02,Silver
C1574,48,Female,East,2022-01-09,Gold
C1575,46,Other,Central,2022-03-13,Gold
C1576,63,Female,North,2022-03-30,Bronze
C1577,26,Other,South,2022-04-24,Silver
C1578,26,Male,South,2022-06-07,Bronze
C1579,62,Male,North,2022-08-06,Bronze
C1580,45,Male,South,2022-09-05,Bronze
C1581,60,Other,Central,2022-01-17,Bronze
C1582,25,Female,North,2022-08-29,Bronze
C1583,60,Male,North,2022-06-04,Bronze
C1584,31,Other,South,2022-11-05,Silver
C1585,40,Male,North,2022-12-10,Silver
C1586,55,Female,East,2022-05-23,Silver
C1587,64,Other,South,2022-09-14,Bronze
C1588,55,Male,Central,2022-02-20,Silver
C1589,36,Male,Central,2022-04-09,Bronze
C1590,31,Other,West,2022-02-20,Gold
C1591,55,Male,West,2022-12-24,Bronze
C1592,40,Female,West,2022-04-03,Silver
C1593,32,Female,North,2022-09-21,Gold
C1594,47,Male,Central,2022-03-05,Silver
C1595,41,Other,East,2022-09-11,Bronze
C1596,38,Female,North,2022-02-12,Platinum
C1597,47,Other,East,2022-05-26,Platinum
C1598,53,Female,East,2022-04-26,Platinum
C1599,22,Female,East,2022-04-07,Silver
C1600,61,Female,North,2022-01-07,Platinum
C1601,51,Other,North,2022-08-13,Bronze
C1602,43,Female,Central,2022-03-15,Bronze
C1603,22,Female,South,2022-03-28,Gold
C1604,56,Female,North,2022-04-13,Silver
C1605,64,Female,East,2022-08-06,Gold
C1606,43,Female,West,2022-11-26,Platinum
C1607,50,Female,South,2022-09-06,Platinum
C1608,25,Female,West,2022-02-25,Platinum
C1609,58,Male,North,2022-04-29,Bronze
C1610,22,Female,North,2022-01-28,Silver
C1611,56,Other,East,2022-07-15,Silver
C1612,57,Other,North,2022-06-05,Bronze
C1613,51,Female,West,2022-12-05,Silver
C1614,60,Female,West,2022-05-31,Gold
C1615,39,Other,Central,2022-10-05,Bronze
C1616,45,Male,West,2022-01-17,Platinum
C1617,42,Female,West,2022-06-11,Bronze
C1618,29,Other,East,2022-01-17,Silver
C1619,45,Male,East,2022-09-09,Platinum
C1620,25,Other,West,2022-09-07,Platinum
C1621,53,Male,Central,2022-09-01,Bronze
C1622,34,Female,Central,2022-07-20,Platinum
C1623,61,Female,East,2022-11-12,Gold
C1624,19,Other,North,2022-02-01,Silver
C1625,40,Other,Central,2022-07-07,Bronze
C1626,39,Female,North,2022-11-17,Platinum
C1627,40,Female,East,2022-06-26,Bronze
C1628,33,Male,South,2022-12-05,Gold
C1629,23,Other,North,2022-10-31,Gold
C1630,39,Male,North,2022-02-28,Gold
C1631,47,Other,West,2022-01-20,Platinum
C1632,19,Other,West,2022-05-17,Bronze
C1633,42,Other,West,2022-06-12,Gold
C1634,24,Female,North,2022-10-21,Silver
C1635,49,Other,East,2022-06-22,Silver
C1636,37,Female,West,2022-11-11,Silver
C1637,58,Male,Central,2022-09-12,Silver
C1638,34,Male,East,2022-05-28,Platinum
C1639,57,Other,North,2022-04-26,Bronze
C1640,39,Female,North,2022-10-31,Platinum
C1641,31,Female,North,2022-08-07,Gold
C1642,37,Female,Central,2022-09-16,Gold
C1643,44,Female,East,2022-04-13,Platinum
C1644,53,Male,North,2022-12-10,Silver
C1645,49,Male,West,2022-10-23,Gold
C1646,52,Other,West,2022-11-23,Bronze
C1647,30,Female,West,2022-09-25,Silver
C1648,27,Other,East,2022-05-04,Platinum
C1649,38,Male,South,2022-07-30,Platinum
C1650,36,Other,South,2022-05-17,Gold
C1651,56,Male,West,2022-12-18,Silver
C1652,27,Male,North,2022-02-28,Silver
C1653,47,Female,Central,2022-06-08,Platinum
C1654,59,Male,South,2022-08-05,Silver
C1655,26,Male,East,2022-05-20,Gold
C1656,53,Male,North,2022-12-04,Platinum
C1657,21,Male,East,2022-01-11,Gold
C1658,44,Female,North,2022-02-02,Platinum
C1659,33,Male,Central,2022-03-13,Bronze
C1660,60,Other,Central,2022-09-25,Gold
C1661,23,Male,Central,2022-09-12,Bronze
C1662,39,Other,West,2022-06-10,Silver
C1663,31,Male,North,2022-08-05,Silver
C1664,35,Female,West,2022-04-20,Gold
C1665,21,Female,Central,2022-10-29,Gold
C1666,25,Female,Central,2022-12-25,Platinum
C1667,61,Male,East,2022-09-01,Silver
C1668,48,Other,East,2022-07-05,Gold
C1669,59,Other,North,2022-01-11,Bronze
C1670,60,Male,East,2022-12-20,Platinum
C1671,58,Other,East,2022-06-08,Bronze
C1672,33,Female,West,2022-10-01,Bronze
C1673,34,Female,North,2022-07-21,Silver
C1674,31,Male,West,2022-06-02,Gold
C1675,44,Male,East,2022-11-26,Bronze
C1676,48,Other,West,2022-09-09,Gold
C1677,24,Male,East,2022-08-05,Bronze
C1678,44,Other,Central,2022-06-30,Gold
C1679,62,Male,North,2022-08-21,Silver
C1680,46,Other,South,2022-11-19,Bronze
C1681,30,Other,East,2022-07-25,Gold
C1682,23,Male,South,2022-10-22,Silver
C1683,63,Other,South,2022-09-22,Platinum
C1684,46,Female,South,2022-06-13,Gold
C1685,61,Other,East,2022-03-30,Gold
C1686,23,Female,East,2022-04-12,Silver
C1687,42,Other,South,2022-07-21,Bronze
C1688,53,Other,Central,2022-01-12,Silver
C1689,47,Male,East,2022-02-15,Silver
C1690,43,Other,West,2022-01-26,Gold
C1691,23,Female,South,2022-03-18,Bronze
C1692,63,Other,West,2022-01-08,Platinum
C1693,49,Male,South,2022-12-11,Silver
C1694,35,Female,West,2022-04-08,Platinum
C1695,45,Male,Central,2022-03-08,Silver
C1696,64,Other,South,2022-05-25,Platinum
C1697,44,Male,North,2022-04-03,Gold
C1698,33,Other,West,2022-05-15,Silver
C1699,55,Other,West,2022-07-09,Bronze
C1700,48,Male,East,2022-01-06,Platinum
C1701,31,Other,West,2022-12-18,Platinum
C1702,34,Male,North,2022-11-02,Bronze
C1703,39,Male,West,2022-01-27,Gold
C1704,60,Other,North,2022-11-07,Bronze
C1705,50,Other,West,2022-05-10,Gold
C1706,60,Female,South,2022-07-22,Bronze
C1707,29,Female,South,2022-10-25,Platinum
C1708,47,Male,North,2022-06-23,Gold
C1709,51,Female,South,2022-12-30,Gold
C1710,38,Male,South,2022-03-01,Platinum
C1711,65,Female,West,2022-05-24,Gold
C1712,57,Female,Central,2022-05-15,Gold
C1713,28,Female,West,2022-08-12,Silver
C1714,60,Other,West,2022-10-12,Bronze
C1715,27,Male,South,2022-04-07,Silver
C1716,48,Female,South,2022-01-19,Platinum
C1717,25,Female,North,2022-08-12,Platinum
C1718,63,Other,West,2022-07-02,Platinum
C1719,25,Other,South,2022-09-10,Bronze
C1720,23,Male,East,2022-06-28,Silver
C1721,65,Other,East,2022-03-28,Silver
C1722,18,Other,Central,2022-10-26,Silver
C1723,22,Male,West,2022-08-02,Bronze
C1724,19,Female,North,2022-06-18,Platinum
C1725,55,Male,East,2022-07-11,Silver
C1726,23,Female,West,2022-01-15,Platinum
C1727,35,Other,North,2022-11-18,Gold
C1728,59,Other,West,2022-01-23,Gold
C1729,26,Male,North,2022-10-19,Gold
C1730,21,Other,North,2022-06-15,Platinum
C1731,43,Female,South,2022-02-17,Silver
C1732,23,Male,South,2022-07-24,Silver
C1733,43,Female,South,2022-07-18,Bronze
C1734,49,Female,East,2022-06-02,Silver
C1735,60,Male,East,2022-07-03,Silver
C1736,46,Female,West,2022-09-08,Gold
C1737,56,Female,North,2022-10-16,Platinum
C1738,57,Male,West,2022-07-08,Platinum
C1739,20,Other,East,2022-02-17,Platinum
C1740,32,Other,South,2022-12-13,Platinum
C1741,58,Other,Central,2022-09-27,Bronze
C1742,47,Female,North,2022-05-29,Platinum
C1743,27,Male,East,2022-06-03,Silver
C1744,45,Female,Central,2022-09-25,Bronze
C1745,22,Male,Central,2022-10-10,Bronze
C1746,45,Female,North,2022-09-19,Platinum
C1747,64,Other,East,2022-12-05,Gold
C1748,55,Male,Central,2022-05-11,Bronze
C1749,65,Other,West,2022-02-28,Silver
C1750,43,Male,North,2022-04-04,Platinum
C1751,37,Female,Central,2022-12-27,Platinum
C1752,46,Other,East,2022-12-10,Gold
C1753,31,Male,North,2022-04-06,Gold
C1754,24,Female,Central,2022-12-11,Bronze
C1755,43,Male,North,2022-01-03,Silver
C1756,48,Female,West,2022-12-02,Platinum
C1757,57,Other,East,2022-06-05,Platinum
C1758,23,Male,South,2022-06-04,Bronze
C1759,25,Male,South,2022-04-08,Bronze
C1760,48,Other,South,2022-04-18,Silver
C1761,58,Other,South,2022-08-12,Bronze
C1762,47,Male,West,2022-06-04,Platinum
C1763,25,Male,South,2022-01-12,Platinum
C1764,48,Male,West,2022-09-06,Silver
C1765,36,Other,West,2022-04-14,Bronze
C1766,18,Male,West,2022-06-20,Platinum
C1767,65,Other,Central,2022-09-11,Gold
C1768,49,Female,West,2022-01-19,Platinum
C1769,63,Male,Central,2022-04-29,Bronze
C1770,54,Female,Central,2022-08-05,Bronze
C1771,59,Female,West,2022-05-18,Bronze
C1772,57,Other,East,2022-09-11,Platinum
C1773,45,Male,South,2022-12-24,Gold
C1774,48,Female,West,2022-04-09,Silver
C1775,32,Other,East,2022-09-17,Platinum
C1776,36,Other,West,2022-03-09,Platinum
C1777,59,Other,East,2022-12-11,Platinum
C1778,57,Male,East,2022-03-24,Bronze
C1779,48,Male,South,2022-12-08,Silver
C1780,56,Female,North,2022-03-22,Platinum
C1781,37,Male,South,2022-09-10,Bronze
C1782,40,Female,East,2022-01-10,Silver
C1783,50,Male,North,2022-03-31,Gold
C1784,25,Other,South,2022-08-09,Bronze
C1785,32,Female,East,2022-10-15,Gold
C1786,20,Other,East,2022-07-01,Silver
C1787,50,Other,North,2022-12-20,Bronze
C1788,47,Male,North,2022-08-13,Bronze
C1789,20,Other,North,2022-10-15,Silver
C1790,25,Male,East,2022-11-19,Silver
C1791,63,Female,Central,2022-05-30,Platinum
C1792,27,Other,East,2022-02-20,Gold
C1793,25,Male,West,2022-03-12,Platinum
C1794,33,Female,East,2022-01-04,Gold
C1795,28,Male,East,2022-09-16,Gold
C1796,41,Other,South,2022-08-01,Silver
C1797,44,Male,South,2022-09-29,Platinum
C1798,44,Female,Central,2022-07-31,Gold
C1799,46,Male,North,2022-01-16,Bronze
C1800,39,Female,West,2022-02-13,Silver
C1801,21,Female,North,2022-08-11,Silver
C1802,21,Other,Central,2022-10-22,Gold
C1803,43,Other,Central,2022-08-03,Gold
C1804,40,Male,East,2022-06-10,Silver
C1805,43,Female,South,2022-12-25,Platinum
C1806,40,Other,West,2022-12-24,Silver
C1807,23,Male,Central,2022-06-04,Gold
C1808,64,Other,South,2022-07-19,Gold
C1809,23,Other,Central,2022-04-20,Gold
C1810,39,Other,South,2022-09-24,Bronze
C1811,52,Other,East,2022-01-15,Silver
C1812,64,Female,Central,2022-06-05,Bronze
C1813,41,Female,Central,2022-01-31,Gold
C1814,21,Other,North,2022-03-05,Platinum
C1815,54,Other,North,2022-06-02,Platinum
C1816,33,Other,Central,2022-06-23,Silver
C1817,37,Female,Central,2022-06-29,Silver
C1818,42,Other,South,2023-01-01,Bronze
C1819,51,Other,South,2022-06-17,Gold
C1820,24,Male,West,2022-08-21,Platinum
C1821,23,Male,West,2022-02-11,Silver
C1822,31,Female,North,2022-09-01,Gold
C1823,51,Female,Central,2022-12-13,Platinum
C1824,55,Female,West,2022-05-16,Platinum
C1825,49,Other,West,2022-12-19,Silver
C1826,50,Male,West,2022-03-15,Platinum
C1827,63,Other,Central,2022-03-08,Bronze
C1828,31,Female,West,2022-12-22,Bronze
C1829,53,Female,North,2022-03-22,Platinum
C1830,25,Female,Central,2022-02-26,Gold
C1831,51,Male,North,2022-01-21,Gold
C1832,41,Female,East,2022-06-06,Platinum
C1833,27,Male,Central,2022-01-15,Platinum
C1834,37,Female,South,2022-01-25,Silver
C1835,18,Male,Central,2022-09-08,Gold
C1836,20,Female,West,2022-02-04,Gold
C1837,46,Female,West,2022-10-17,Platinum
C1838,26,Male,Central,2022-11-07,Platinum
C1839,60,Female,South,2022-08-19,Gold
C1840,57,Other,Central,2022-02-15,Platinum
C1841,32,Female,East,2022-07-18,Bronze
C1842,46,Other,East,2022-12-10,Bronze
C1843,63,Male,Central,2022-03-26,Gold
C1844,59,Male,Central,2022-10-15,Bronze
C1845,57,Other,Central,2022-04-09,Bronze
C1846,51,Male,West,2022-10-19,Bronze
C1847,60,Other,South,2022-03-03,Bronze
C1848,31,Male,Central,2022-05-21,Platinum
C1849,52,Other,East,2022-02-13,Platinum
C1850,20,Female,North,2022-10-29,Gold
C1851,29,Female,North,2022-08-12,Gold
C1852,34,Male,North,2022-07-15,Bronze
C1853,28,Female,South,2022-10-05,Silver
C1854,23,Male,East,2022-05-11,Platinum
C1855,28,Male,Central,2022-12-14,Gold
C1856,19,Other,North,2022-04-03,Gold
C1857,24,Female,South,2022-07-19,Platinum
C1858,34,Female,North,2022-06-15,Bronze
C1859,33,Other,Central,2022-04-14,Silver
C1860,50,Other,West,2022-09-10,Bronze
C1861,21,Female,West,2022-05-18,Platinum
C1862,48,Male,West,2022-02-03,Silver
C1863,35,Other,Central,2022-01-10,Bronze
C1864,53,Other,South,2022-05-07,Gold
C1865,44,Female,North,2022-10-18,Silver
C1866,41,Other,South,2022-03-14,Silver
C1867,45,Other,West,2022-10-03,Bronze
C1868,47,Other,East,2022-01-01,Silver
C1869,21,Female,East,2022-01-01,Gold
C1870,42,Female,South,2022-12-15,Gold
C1871,28,Other,Central,2022-01-24,Bronze
C1872,23,Female,North,2022-06-03,Silver
C1873,35,Female,South,2022-10-12,Gold
C1874,39,Other,East,2022-12-16,Platinum
C1875,33,Other,East,2022-05-20,Gold
C1876,47,Other,East,2022-04-18,Bronze
C1877,26,Other,North,2022-12-21,Platinum
C1878,18,Other,South,2022-01-03,Platinum
C1879,62,Other,West,2022-10-12,Platinum
C1880,23,Other,North,2022-10-03,Bronze
C1881,46,Other,North,2022-12-10,Gold
C1882,56,Female,West,2022-07-12,Silver
C1883,18,Male,West,2022-12-23,Gold
C1884,46,Male,South,2022-04-09,Bronze
C1885,61,Other,East,2022-05-24,Silver
C1886,57,Other,East,2022-02-16,Silver
C1887,49,Female,North,2022-04-30,Gold
C1888,63,Other,Central,2022-09-10,Silver
C1889,30,Other,West,2022-01-04,Bronze
C1890,54,Other,West,2022-05-23,Silver
C1891,30,Other,Central,2022-10-10,Silver
C1892,55,Male,North,2022-02-03,Silver
C1893,54,Male,Central,2022-05-13,Gold
C1894,61,Male,Central,2022-04-09,Gold
C1895,53,Female,North,2022-12-15,Platinum
C1896,61,Other,North,2022-11-25,Gold
C1897,44,Female,North,2022-08-10,Platinum
C1898,41,Other,North,2022-09-11,Silver
C1899,35,Female,Central,2022-01-25,Platinum
C1900,18,Female,South,2022-06-11,Gold
C1901,54,Male,South,2022-02-11,Platinum
C1902,33,Male,South,2022-02-08,Gold
C1903,22,Other,North,2022-06-09,Bronze
C1904,45,Male,Central,2022-09-03,Gold
C1905,33,Male,West,2022-05-09,Silver
C1906,21,Female,Central,2022-06-24,Silver
C1907,56,Other,West,2022-02-07,Bronze
C1908,46,Other,North,2022-11-17,Bronze
C1909,20,Female,East,2022-02-01,Bronze
C1910,21,Female,North,2022-03-07,Gold
C1911,58,Female,North,2022-11-09,Bronze
C1912,21,Other,North,2022-12-13,Gold
C1913,43,Male,Central,2022-07-15,Platinum
C1914,56,Other,Central,2022-04-30,Bronze
C1915,42,Female,West,2022-08-21,Bronze
C1916,59,Other,North,2022-06-23,Platinum
C1917,39,Other,South,2022-09-22,Bronze
C1918,18,Other,North,2022-02-22,Silver
C1919,26,Other,Central,2022-10-21,Gold
C1920,44,Female,Central,2022-07-01,Platinum
C1921,33,Male,North,2022-04-06,Bronze
C1922,37,Other,West,2022-03-07,Gold
C1923,55,Other,South,2022-06-09,Silver
C1924,37,Other,East,2022-08-29,Gold
C1925,18,Other,Central,2022-07-08,Silver
C1926,33,Other,Central,2022-01-30,Bronze
C1927,40,Male,South,2022-08-05,Silver
C1928,39,Male,West,2022-02-05,Platinum
C1929,62,Female,Central,2022-11-04,Gold
C1930,37,Female,East,2022-11-12,Silver
C1931,47,Male,West,2022-02-23,Silver
C1932,58,Male,South,2022-01-02,Platinum
C1933,31,Male,West,2022-11-16,Gold
C1934,31,Female,South,2022-07-12,Bronze
C1935,18,Male,East,2022-07-05,Bronze
C1936,25,Male,East,2022-10-12,Platinum
C1937,58,Other,East,2022-04-10,Bronze
C1938,30,Male,East,2022-01-16,Silver
C1939,34,Other,South,2022-04-23,Gold
C1940,33,Male,South,2022-10-11,Bronze
C1941,34,Male,North,2022-04-01,Silver
C1942,59,Male,East,2022-07-14,Silver
C1943,47,Male,East,2022-06-06,Gold
C1944,28,Other,Central,2022-12-05,Platinum
C1945,22,Male,South,2022-12-31,Silver
C1946,30,Other,West,2022-04-08,Gold
C1947,56,Female,South,2022-06-12,Bronze
C1948,55,Male,Central,2022-11-12,Gold
C1949,38,Male,North,2022-03-18,Gold
C1950,50,Other,West,2022-03-06,Silver
C1951,48,Other,Central,2022-02-11,Bronze
C1952,50,Female,Central,2022-03-27,Gold
C1953,51,Female,South,2022-09-13,Gold
C1954,41,Other,West,2022-12-31,Platinum
C1955,35,Other,West,2022-08-31,Bronze
C1956,32,Male,West,2022-04-17,Silver
C1957,31,Female,West,2022-07-22,Platinum
C1958,28,Female,East,2022-10-20,Bronze
C1959,23,Female,West,2022-03-10,Gold
C1960,55,Male,West,2022-04-28,Gold
C1961,46,Female,West,2022-08-07,Platinum
C1962,49,Female,East,2022-07-08,Platinum
C1963,29,Female,South,2022-01-13,Gold
C1964,22,Female,North,2022-11-27,Gold
C1965,50,Other,North,2022-09-14,Gold
C1966,24,Male,North,2022-04-27,Gold
C1967,52,Male,East,2022-01-20,Silver
C1968,39,Female,East,2022-12-12,Gold
C1969,63,Other,South,2022-04-08,Gold
C1970,37,Female,East,2022-01-05,Platinum
C1971,55,Other,North,2022-07-27,Platinum
C1972,50,Male,West,2022-12-01,Silver
C1973,64,Other,South,2022-04-27,Platinum
C1974,51,Other,Central,2022-04-30,Platinum
C1975,39,Male,East,2022-08-25,Silver
C1976,62,Female,South,2022-08-08,Platinum
C1977,53,Male,East,2022-08-19,Silver
C1978,26,Female,North,2022-10-23,Platinum
C1979,40,Female,South,2022-12-04,Platinum
C1980,61,Female,Central,2022-08-06,Gold
C1981,55,Male,Central,2022-06-16,Bronze
C1982,27,Female,Central,2022-03-13,Platinum
C1983,31,Female,North,2022-07-15,Platinum
C1984,48,Male,East,2022-04-07,Platinum
C1985,37,Male,South,2022-11-24,Bronze
C1986,53,Male,North,2022-12-12,Platinum
C1987,29,Male,North,2022-01-14,Platinum
C1988,31,Male,East,2022-05-26,Bronze
C1989,21,Female,Central,2022-08-21,Bronze
C1990,38,Female,West,2022-03-29,Silver
C1991,26,Other,West,2022-02-26,Platinum
C1992,42,Male,South,2022-02-05,Silver
C1993,45,Other,West,2022-06-08,Silver
C1994,54,Female,Central,2022-11-06,Silver
C1995,63,Other,West,2022-09-15,Gold
C1996,18,Male,West,2022-04-14,Bronze
C1997,56,Male,Central,2022-07-24,Gold
C1998,49,Female,West,2022-10-19,Bronze
C1999,36,Other,West,2022-02-16,Gold
C2000,63,Female,West,2022-12-25,Silver
